 -- Alumno: Nicola Galante Giovannone / Parrilla 34945
USE prestapp;

SELECT * FROM prestapp.clients
INSERT INTO `clients` (`client_id`,`client_name`,`document_number`,`address`,`email`,`registration_date`) VALUES (2,'Lana Anderson','52849225','Flat 60; 25 Gresse Street; London;W1T 1QP','l.anderson@randatmail.com','2022-09-12');
INSERT INTO `clients` (`client_id`,`client_name`,`document_number`,`address`,`email`,`registration_date`) VALUES (3,'Maximilian Gray','42321056','14 Skeyton Road; North Walsham;NR28 0BS','m.gray@randatmail.com','2022-09-12');
INSERT INTO `clients` (`client_id`,`client_name`,`document_number`,`address`,`email`,`registration_date`) VALUES (4,'William Reed','12388791','5 Orchard Close; Eccleston Park;L34 2QX','w.reed@randatmail.com','2022-09-12');
INSERT INTO `clients` (`client_id`,`client_name`,`document_number`,`address`,`email`,`registration_date`) VALUES (6,'Owen Thompson','48112826','Mile House Cottage; Chittlehampton;EX37 9RD','o.thompson@randatmail.com','2022-09-12');
INSERT INTO `clients` (`client_id`,`client_name`,`document_number`,`address`,`email`,`registration_date`) VALUES (7,'James Smith','36052475','4 Marine Street; Cwm;NP23 7ST','j.smith@randatmail.com','2022-09-12');
INSERT INTO `clients` (`client_id`,`client_name`,`document_number`,`address`,`email`,`registration_date`) VALUES (8,'Vivian Harper','84052346','12 Westcroft Park; Broadstone;BH18 8LX','v.harper@randatmail.com','2022-09-12');
INSERT INTO `clients` (`client_id`,`client_name`,`document_number`,`address`,`email`,`registration_date`) VALUES (9,'Andrew Casey','49821542','151 Eynsham Drive; London;SE2 9PU','a.casey@randatmail.com','2022-09-12');
INSERT INTO `clients` (`client_id`,`client_name`,`document_number`,`address`,`email`,`registration_date`) VALUES (10,'Dainton Chapman','35982729','48 Pennycross Close; Plymouth;PL2 3EF','d.chapman@randatmail.com','2022-09-12');
INSERT INTO `clients` (`client_id`,`client_name`,`document_number`,`address`,`email`,`registration_date`) VALUES (11,'Emma Cole','47761334','72 Holm Garth Drive; Hull;HU8 9DZ','e.cole@randatmail.com','2022-09-12');
INSERT INTO `clients` (`client_id`,`client_name`,`document_number`,`address`,`email`,`registration_date`) VALUES (12,'Preston Hunt','74569830','14 Martyns Grove; Westcliff-On-Sea;SS0 9XX','p.hunt@randatmail.com','2022-09-12');
INSERT INTO `clients` (`client_id`,`client_name`,`document_number`,`address`,`email`,`registration_date`) VALUES (13,'Caroline Hunt','50314750','64 - 68 Stewarts Road; London;SW8 4DE','c.hunt@randatmail.com','2022-09-12');
INSERT INTO `clients` (`client_id`,`client_name`,`document_number`,`address`,`email`,`registration_date`) VALUES (14,'Freddie Douglas','62574194','20 Laburnum Avenue; Coventry;CV6 1EH','f.douglas@randatmail.com','2022-09-12');
INSERT INTO `clients` (`client_id`,`client_name`,`document_number`,`address`,`email`,`registration_date`) VALUES (15,'Vanessa Perry','92357836','Beaufront; Beaufront Terrace; West Boldon;NE36 0PN','v.perry@randatmail.com','2022-09-12');
INSERT INTO `clients` (`client_id`,`client_name`,`document_number`,`address`,`email`,`registration_date`) VALUES (16,'Lana Johnston','81843635','2 Price Street; Pentre;CF41 7JY','l.johnston@randatmail.com','2022-09-12');
INSERT INTO `clients` (`client_id`,`client_name`,`document_number`,`address`,`email`,`registration_date`) VALUES (17,'Honey Tucker','24610701','55 Sandalwood Drive; Prenton;CH43 9AJ','h.tucker@randatmail.com','2022-09-12');
INSERT INTO `clients` (`client_id`,`client_name`,`document_number`,`address`,`email`,`registration_date`) VALUES (18,'Dale Wilson','85106924','Gorwel; Llanbedrgoch;LL76 8TZ','d.wilson@randatmail.com','2022-09-12');
INSERT INTO `clients` (`client_id`,`client_name`,`document_number`,`address`,`email`,`registration_date`) VALUES (20,'Ada Harris','60408469','Holeyn Cottage; Holeyn Hall Road; Wylam;NE41 8BQ','a.harris@randatmail.com','2022-09-12');
INSERT INTO `clients` (`client_id`,`client_name`,`document_number`,`address`,`email`,`registration_date`) VALUES (21,'Camila Cameron','59368545','1 North Side; Kirkheaton;NE19 2DG','c.cameron@randatmail.com','2022-09-12');
INSERT INTO `clients` (`client_id`,`client_name`,`document_number`,`address`,`email`,`registration_date`) VALUES (22,'Maddie Bailey','61344784','14 Muscovy Way; Herne Bay;CT6 5RR','m.bailey@randatmail.com','2022-09-12');
INSERT INTO `clients` (`client_id`,`client_name`,`document_number`,`address`,`email`,`registration_date`) VALUES (23,'Adrianna Douglas','32267579','31 Abbey Road; Astley;M29 7WH','a.douglas@randatmail.com','2022-09-12');
INSERT INTO `clients` (`client_id`,`client_name`,`document_number`,`address`,`email`,`registration_date`) VALUES (24,'Max Gray','64429087','10 Cherry Street; Worcester;WR5 3EB','m.gray@randatmail.com','2022-09-12');
INSERT INTO `clients` (`client_id`,`client_name`,`document_number`,`address`,`email`,`registration_date`) VALUES (25,'Alina Roberts','45981950','9 Lovering Close; Exmouth;EX8 5DJ','a.roberts@randatmail.com','2022-09-12');
INSERT INTO `clients` (`client_id`,`client_name`,`document_number`,`address`,`email`,`registration_date`) VALUES (26,'Jacob Thompson','46745440','45 Sheriff Street; Hartlepool;TS26 8EZ','j.thompson@randatmail.com','2022-09-12');
INSERT INTO `clients` (`client_id`,`client_name`,`document_number`,`address`,`email`,`registration_date`) VALUES (27,'Charlotte Mason','69979591','The Old Saw Mill; The Woods; Skipton;BD23 1UL','c.mason@randatmail.com','2022-09-12');
INSERT INTO `clients` (`client_id`,`client_name`,`document_number`,`address`,`email`,`registration_date`) VALUES (28,'Daniel Miller','26853174','5 Arkle Terrace; Hudswell;DL11 6BH','d.miller@randatmail.com','2022-09-12');
INSERT INTO `clients` (`client_id`,`client_name`,`document_number`,`address`,`email`,`registration_date`) VALUES (29,'Grace Campbell','90692343','9 Badgers Hill; Virginia Water;GU25 4SB','g.campbell@randatmail.com','2022-09-12');
INSERT INTO `clients` (`client_id`,`client_name`,`document_number`,`address`,`email`,`registration_date`) VALUES (31,'Miranda Clark','18954934','10 St Georges Way; Grantham;NG31 9GJ','m.clark@randatmail.com','2022-09-12');
INSERT INTO `clients` (`client_id`,`client_name`,`document_number`,`address`,`email`,`registration_date`) VALUES (32,'Alford Hill','75670957','576 Rochdale Road; Royton;OL2 6SH','a.hill@randatmail.com','2022-09-12');
INSERT INTO `clients` (`client_id`,`client_name`,`document_number`,`address`,`email`,`registration_date`) VALUES (33,'Amber Richards','37670126','Farm View; Blundel Lane; Stoke Dabernon;KT11 2SN','a.richards@randatmail.com','2022-09-12');
INSERT INTO `clients` (`client_id`,`client_name`,`document_number`,`address`,`email`,`registration_date`) VALUES (35,'Luke Rogers','85291688','Ghyll End Farm; Kirkby-In-Furness;LA17 7TR','l.rogers@randatmail.com','2022-09-12');
INSERT INTO `clients` (`client_id`,`client_name`,`document_number`,`address`,`email`,`registration_date`) VALUES (36,'Valeria Gray','27118601','25 Clifton Road; London;W9 1SY','v.gray@randatmail.com','2022-09-12');
INSERT INTO `clients` (`client_id`,`client_name`,`document_number`,`address`,`email`,`registration_date`) VALUES (37,'Hailey Barnes','46780569','3 Acorn Court; Oughtibridge;S35 0BG','h.barnes@randatmail.com','2022-09-12');
INSERT INTO `clients` (`client_id`,`client_name`,`document_number`,`address`,`email`,`registration_date`) VALUES (38,'Albert Evans','94102482','295 Station Road; Wallsend;NE28 8SB','a.evans@randatmail.com','2022-09-12');
INSERT INTO `clients` (`client_id`,`client_name`,`document_number`,`address`,`email`,`registration_date`) VALUES (39,'Dominik Rogers','97965184','11 Hannay Walk; London;SW16 1AS','d.rogers@randatmail.com','2022-09-12');
INSERT INTO `clients` (`client_id`,`client_name`,`document_number`,`address`,`email`,`registration_date`) VALUES (40,'Victoria Hamilton','25901022','10 New Row; London;WC2N 4LH','v.hamilton@randatmail.com','2022-09-12');
INSERT INTO `clients` (`client_id`,`client_name`,`document_number`,`address`,`email`,`registration_date`) VALUES (41,'Miley Holmes','21839929','25 Pantyblodau Road; Blaenau;SA18 3BX','m.holmes@randatmail.com','2022-09-12');
INSERT INTO `clients` (`client_id`,`client_name`,`document_number`,`address`,`email`,`registration_date`) VALUES (42,'Sabrina Sullivan','11513769','1 The Common; Little Blakenham;IP8 4JX','s.sullivan@randatmail.com','2022-09-12');
INSERT INTO `clients` (`client_id`,`client_name`,`document_number`,`address`,`email`,`registration_date`) VALUES (43,'Wilson Thomas','22671809','Folly Farm; Northfield Road; Tring;HP23 5QJ','w.thomas@randatmail.com','2022-09-12');
INSERT INTO `clients` (`client_id`,`client_name`,`document_number`,`address`,`email`,`registration_date`) VALUES (45,'Maya Ellis','45682767','38 Green Lane; Penryn;TR10 8QH','m.ellis@randatmail.com','2022-09-12');
INSERT INTO `clients` (`client_id`,`client_name`,`document_number`,`address`,`email`,`registration_date`) VALUES (46,'Justin Watson','30200575','24 Twinwood Road; Clapham;MK41 6HL','j.watson@randatmail.com','2022-09-12');
INSERT INTO `clients` (`client_id`,`client_name`,`document_number`,`address`,`email`,`registration_date`) VALUES (47,'Annabella Hunt','29796971','10 Lloyds Terrace; Penydarren;CF47 9HT','a.hunt@randatmail.com','2022-09-12');
INSERT INTO `clients` (`client_id`,`client_name`,`document_number`,`address`,`email`,`registration_date`) VALUES (48,'Dale Ross','93952050','229 The Homend; Ledbury;HR8 1BS','d.ross@randatmail.com','2022-09-12');
INSERT INTO `clients` (`client_id`,`client_name`,`document_number`,`address`,`email`,`registration_date`) VALUES (50,'Albert Barrett','72452308','Mill House; Wand Lane; Hensall;DN14 0RF','a.barrett@randatmail.com','2022-09-12');

SELECT * FROM prestapp.employer
INSERT INTO `employer` (`employer_id`,`employer_name`,`employer_type`,`payment_date`) VALUES (1,'Jubilados 1','Jubilados',7);
INSERT INTO `employer` (`employer_id`,`employer_name`,`employer_type`,`payment_date`) VALUES (2,'Jubilados 2','Jubilados',8);
INSERT INTO `employer` (`employer_id`,`employer_name`,`employer_type`,`payment_date`) VALUES (3,'Jubilados 3','Jubilados',9);
INSERT INTO `employer` (`employer_id`,`employer_name`,`employer_type`,`payment_date`) VALUES (4,'Jubilados 4','Jubilados',10);
INSERT INTO `employer` (`employer_id`,`employer_name`,`employer_type`,`payment_date`) VALUES (5,'Jubilados 5','Jubilados',11);
INSERT INTO `employer` (`employer_id`,`employer_name`,`employer_type`,`payment_date`) VALUES (6,'Pensionados 1','Pensionados',1);
INSERT INTO `employer` (`employer_id`,`employer_name`,`employer_type`,`payment_date`) VALUES (7,'Pensionados 2','Pensionados',2);
INSERT INTO `employer` (`employer_id`,`employer_name`,`employer_type`,`payment_date`) VALUES (8,'Pensionados 3','Pensionados',3);
INSERT INTO `employer` (`employer_id`,`employer_name`,`employer_type`,`payment_date`) VALUES (9,'Pensionados 4','Pensionados',4);
INSERT INTO `employer` (`employer_id`,`employer_name`,`employer_type`,`payment_date`) VALUES (10,'Pensionados 5','Pensionados',5);
INSERT INTO `employer` (`employer_id`,`employer_name`,`employer_type`,`payment_date`) VALUES (17,'Gobierno de Salta','Publico',-1);
INSERT INTO `employer` (`employer_id`,`employer_name`,`employer_type`,`payment_date`) VALUES (18,'Gobierno de Tucumás','Publico',-1);
INSERT INTO `employer` (`employer_id`,`employer_name`,`employer_type`,`payment_date`) VALUES (19,'Policias','Publico',-1);
INSERT INTO `employer` (`employer_id`,`employer_name`,`employer_type`,`payment_date`) VALUES (20,'AFIP','Publico',-1);
INSERT INTO `employer` (`employer_id`,`employer_name`,`employer_type`,`payment_date`) VALUES (21,'Empresas Polar S.A.','Privado',4);
INSERT INTO `employer` (`employer_id`,`employer_name`,`employer_type`,`payment_date`) VALUES (22,'Techne Simoparma ','Privado',2);
INSERT INTO `employer` (`employer_id`,`employer_name`,`employer_type`,`payment_date`) VALUES (23,'Coderhouse','Privado',4);
INSERT INTO `employer` (`employer_id`,`employer_name`,`employer_type`,`payment_date`) VALUES (24,'Google Inc.','Privado',2);
INSERT INTO `employer` (`employer_id`,`employer_name`,`employer_type`,`payment_date`) VALUES (25,'Yahoo Inc.','Privado',4);
INSERT INTO `employer` (`employer_id`,`employer_name`,`employer_type`,`payment_date`) VALUES (26,'Boca Juniors','Privado',2);
INSERT INTO `employer` (`employer_id`,`employer_name`,`employer_type`,`payment_date`) VALUES (27,'River Plate','Privado',4);
INSERT INTO `employer` (`employer_id`,`employer_name`,`employer_type`,`payment_date`) VALUES (28,'Random_employer_1','Privado',2);
INSERT INTO `employer` (`employer_id`,`employer_name`,`employer_type`,`payment_date`) VALUES (29,'Random_employer_2','Privado',4);
INSERT INTO `employer` (`employer_id`,`employer_name`,`employer_type`,`payment_date`) VALUES (30,'Random_employer_3','Privado',2);
INSERT INTO `employer` (`employer_id`,`employer_name`,`employer_type`,`payment_date`) VALUES (31,'Random_employer_4','Privado',4);
INSERT INTO `employer` (`employer_id`,`employer_name`,`employer_type`,`payment_date`) VALUES (32,'Random_employer_5','Privado',2);
INSERT INTO `employer` (`employer_id`,`employer_name`,`employer_type`,`payment_date`) VALUES (33,'Random_employer_6','Privado',4);
INSERT INTO `employer` (`employer_id`,`employer_name`,`employer_type`,`payment_date`) VALUES (34,'Random_employer_7','Privado',4);
INSERT INTO `employer` (`employer_id`,`employer_name`,`employer_type`,`payment_date`) VALUES (35,'Random_employer_8','Privado',2);
INSERT INTO `employer` (`employer_id`,`employer_name`,`employer_type`,`payment_date`) VALUES (36,'Random_employer_9','Privado',4);
INSERT INTO `employer` (`employer_id`,`employer_name`,`employer_type`,`payment_date`) VALUES (37,'Random_employer_10','Privado',1);
INSERT INTO `employer` (`employer_id`,`employer_name`,`employer_type`,`payment_date`) VALUES (38,'Random_employer_11','Privado',2);
INSERT INTO `employer` (`employer_id`,`employer_name`,`employer_type`,`payment_date`) VALUES (39,'Random_employer_12','Privado',2);
INSERT INTO `employer` (`employer_id`,`employer_name`,`employer_type`,`payment_date`) VALUES (40,'Random_employer_13','Privado',2);
INSERT INTO `employer` (`employer_id`,`employer_name`,`employer_type`,`payment_date`) VALUES (41,'Random_employer_14','Privado',2);
INSERT INTO `employer` (`employer_id`,`employer_name`,`employer_type`,`payment_date`) VALUES (42,'Random_employer_15','Privado',2);
INSERT INTO `employer` (`employer_id`,`employer_name`,`employer_type`,`payment_date`) VALUES (43,'Random_employer_16','Privado',2);
INSERT INTO `employer` (`employer_id`,`employer_name`,`employer_type`,`payment_date`) VALUES (44,'Random_employer_17','Privado',2);
INSERT INTO `employer` (`employer_id`,`employer_name`,`employer_type`,`payment_date`) VALUES (45,'Random_employer_18','Privado',2);
INSERT INTO `employer` (`employer_id`,`employer_name`,`employer_type`,`payment_date`) VALUES (46,'Random_employer_19','Privado',2);
INSERT INTO `employer` (`employer_id`,`employer_name`,`employer_type`,`payment_date`) VALUES (47,'Random_employer_20','Privado',2);
INSERT INTO `employer` (`employer_id`,`employer_name`,`employer_type`,`payment_date`) VALUES (48,'Random_employer_21','Privado',2);
INSERT INTO `employer` (`employer_id`,`employer_name`,`employer_type`,`payment_date`) VALUES (49,'Random_employer_22','Privado',2);
INSERT INTO `employer` (`employer_id`,`employer_name`,`employer_type`,`payment_date`) VALUES (50,'Random_employer_23','Privado',2);

SELECT * FROM prestapp.status_leads
INSERT INTO `status_leads` (`status_id`,`status_name`,`status_description`,`is_active`,`status_date`) VALUES (1,'CREATED','Debe ser verificado',1,'2022-09-13');
INSERT INTO `status_leads` (`status_id`,`status_name`,`status_description`,`is_active`,`status_date`) VALUES (2,'ACCEPTED','Pasa a pagos',1,'2022-09-13');
INSERT INTO `status_leads` (`status_id`,`status_name`,`status_description`,`is_active`,`status_date`) VALUES (3,'REJECTED','Muere el proceso',1,'2022-09-13');
INSERT INTO `status_leads` (`status_id`,`status_name`,`status_description`,`is_active`,`status_date`) VALUES (4,'PENDING_VALIDATION','Validación extra',1,'2022-09-13');
INSERT INTO `status_leads` (`status_id`,`status_name`,`status_description`,`is_active`,`status_date`) VALUES (5,'UPDATE_NEEDED','Requiere nueva info',1,'2022-09-13');

SELECT * FROM prestapp.leads
INSERT INTO `leads` (`lead_id`,`client_id`,`lead_name`,`lead_status`,`lead_source`,`payroll`,`employer_id`,`lead_date`) VALUES (1,2,'Lana Anderson','1','Google',150,4,'2022-09-13');
INSERT INTO `leads` (`lead_id`,`client_id`,`lead_name`,`lead_status`,`lead_source`,`payroll`,`employer_id`,`lead_date`) VALUES (2,3,'Maximilian Gray','1','Google',150,20,'2022-09-13');
INSERT INTO `leads` (`lead_id`,`client_id`,`lead_name`,`lead_status`,`lead_source`,`payroll`,`employer_id`,`lead_date`) VALUES (3,4,'William Reed','1','Google',150,28,'2022-09-13');
INSERT INTO `leads` (`lead_id`,`client_id`,`lead_name`,`lead_status`,`lead_source`,`payroll`,`employer_id`,`lead_date`) VALUES (4,6,'Owen Thompson','1','Google',150,21,'2022-09-13');
INSERT INTO `leads` (`lead_id`,`client_id`,`lead_name`,`lead_status`,`lead_source`,`payroll`,`employer_id`,`lead_date`) VALUES (6,8,'Vivian Harper','1','Google',150,4,'2022-09-13');
INSERT INTO `leads` (`lead_id`,`client_id`,`lead_name`,`lead_status`,`lead_source`,`payroll`,`employer_id`,`lead_date`) VALUES (8,10,'Dainton Chapman','1','Google',150,4,'2022-09-13');
INSERT INTO `leads` (`lead_id`,`client_id`,`lead_name`,`lead_status`,`lead_source`,`payroll`,`employer_id`,`lead_date`) VALUES (9,11,'Emma Cole','1','Google',150,4,'2022-09-13');
INSERT INTO `leads` (`lead_id`,`client_id`,`lead_name`,`lead_status`,`lead_source`,`payroll`,`employer_id`,`lead_date`) VALUES (10,12,'Preston Hunt','1','Google',150,25,'2022-09-13');
INSERT INTO `leads` (`lead_id`,`client_id`,`lead_name`,`lead_status`,`lead_source`,`payroll`,`employer_id`,`lead_date`) VALUES (11,13,'Caroline Hunt','1','Google',150,31,'2022-09-13');
INSERT INTO `leads` (`lead_id`,`client_id`,`lead_name`,`lead_status`,`lead_source`,`payroll`,`employer_id`,`lead_date`) VALUES (12,14,'Freddie Douglas','2','Google',150,20,'2022-09-13');
INSERT INTO `leads` (`lead_id`,`client_id`,`lead_name`,`lead_status`,`lead_source`,`payroll`,`employer_id`,`lead_date`) VALUES (13,15,'Vanessa Perry','1','Google',150,3,'2022-09-13');
INSERT INTO `leads` (`lead_id`,`client_id`,`lead_name`,`lead_status`,`lead_source`,`payroll`,`employer_id`,`lead_date`) VALUES (14,16,'Lana Johnston','1','Google',150,4,'2022-09-13');
INSERT INTO `leads` (`lead_id`,`client_id`,`lead_name`,`lead_status`,`lead_source`,`payroll`,`employer_id`,`lead_date`) VALUES (15,17,'Honey Tucker','1','Google',150,23,'2022-09-13');
INSERT INTO `leads` (`lead_id`,`client_id`,`lead_name`,`lead_status`,`lead_source`,`payroll`,`employer_id`,`lead_date`) VALUES (16,18,'Dale Wilson','1','Google',150,27,'2022-09-13');
INSERT INTO `leads` (`lead_id`,`client_id`,`lead_name`,`lead_status`,`lead_source`,`payroll`,`employer_id`,`lead_date`) VALUES (18,21,'Camila Cameron','3','Google',150,18,'2022-09-13');
INSERT INTO `leads` (`lead_id`,`client_id`,`lead_name`,`lead_status`,`lead_source`,`payroll`,`employer_id`,`lead_date`) VALUES (19,22,'Maddie Bailey','1','Google',150,21,'2022-09-13');
INSERT INTO `leads` (`lead_id`,`client_id`,`lead_name`,`lead_status`,`lead_source`,`payroll`,`employer_id`,`lead_date`) VALUES (20,23,'Adrianna Douglas','1','Google',150,21,'2022-09-13');
INSERT INTO `leads` (`lead_id`,`client_id`,`lead_name`,`lead_status`,`lead_source`,`payroll`,`employer_id`,`lead_date`) VALUES (21,24,'Max Gray','1','Google',150,2,'2022-09-13');
INSERT INTO `leads` (`lead_id`,`client_id`,`lead_name`,`lead_status`,`lead_source`,`payroll`,`employer_id`,`lead_date`) VALUES (22,25,'Alina Roberts','1','Google',150,27,'2022-09-13');
INSERT INTO `leads` (`lead_id`,`client_id`,`lead_name`,`lead_status`,`lead_source`,`payroll`,`employer_id`,`lead_date`) VALUES (23,26,'Jacob Thompson','1','Google',150,30,'2022-09-13');
INSERT INTO `leads` (`lead_id`,`client_id`,`lead_name`,`lead_status`,`lead_source`,`payroll`,`employer_id`,`lead_date`) VALUES (24,27,'Charlotte Mason','3','Google',150,29,'2022-09-13');
INSERT INTO `leads` (`lead_id`,`client_id`,`lead_name`,`lead_status`,`lead_source`,`payroll`,`employer_id`,`lead_date`) VALUES (26,29,'Grace Campbell','1','Google',150,7,'2022-09-13');
INSERT INTO `leads` (`lead_id`,`client_id`,`lead_name`,`lead_status`,`lead_source`,`payroll`,`employer_id`,`lead_date`) VALUES (27,31,'Miranda Clark','1','Google',150,2,'2022-09-13');
INSERT INTO `leads` (`lead_id`,`client_id`,`lead_name`,`lead_status`,`lead_source`,`payroll`,`employer_id`,`lead_date`) VALUES (28,32,'Alford Hill','1','Google',150,29,'2022-09-13');
INSERT INTO `leads` (`lead_id`,`client_id`,`lead_name`,`lead_status`,`lead_source`,`payroll`,`employer_id`,`lead_date`) VALUES (29,33,'Amber Richards','1','Google',150,24,'2022-09-13');
INSERT INTO `leads` (`lead_id`,`client_id`,`lead_name`,`lead_status`,`lead_source`,`payroll`,`employer_id`,`lead_date`) VALUES (30,35,'Luke Rogers','3','Google',150,29,'2022-09-13');
INSERT INTO `leads` (`lead_id`,`client_id`,`lead_name`,`lead_status`,`lead_source`,`payroll`,`employer_id`,`lead_date`) VALUES (31,36,'Valeria Gray','1','Google',150,24,'2022-09-13');
INSERT INTO `leads` (`lead_id`,`client_id`,`lead_name`,`lead_status`,`lead_source`,`payroll`,`employer_id`,`lead_date`) VALUES (33,38,'Albert Evans','1','Google',150,29,'2022-09-13');
INSERT INTO `leads` (`lead_id`,`client_id`,`lead_name`,`lead_status`,`lead_source`,`payroll`,`employer_id`,`lead_date`) VALUES (34,39,'Dominik Rogers','1','Google',150,29,'2022-09-13');
INSERT INTO `leads` (`lead_id`,`client_id`,`lead_name`,`lead_status`,`lead_source`,`payroll`,`employer_id`,`lead_date`) VALUES (35,40,'Victoria Hamilton','1','Google',150,20,'2022-09-13');
INSERT INTO `leads` (`lead_id`,`client_id`,`lead_name`,`lead_status`,`lead_source`,`payroll`,`employer_id`,`lead_date`) VALUES (36,41,'Miley Holmes','3','Google',150,29,'2022-09-13');
INSERT INTO `leads` (`lead_id`,`client_id`,`lead_name`,`lead_status`,`lead_source`,`payroll`,`employer_id`,`lead_date`) VALUES (37,42,'Sabrina Sullivan','1','Google',150,8,'2022-09-13');
INSERT INTO `leads` (`lead_id`,`client_id`,`lead_name`,`lead_status`,`lead_source`,`payroll`,`employer_id`,`lead_date`) VALUES (38,43,'Wilson Thomas','1','Google',150,26,'2022-09-13');
INSERT INTO `leads` (`lead_id`,`client_id`,`lead_name`,`lead_status`,`lead_source`,`payroll`,`employer_id`,`lead_date`) VALUES (39,45,'Maya Ellis','1','Google',150,2,'2022-09-13');
INSERT INTO `leads` (`lead_id`,`client_id`,`lead_name`,`lead_status`,`lead_source`,`payroll`,`employer_id`,`lead_date`) VALUES (41,47,'Annabella Hunt','1','Google',150,30,'2022-09-13');
INSERT INTO `leads` (`lead_id`,`client_id`,`lead_name`,`lead_status`,`lead_source`,`payroll`,`employer_id`,`lead_date`) VALUES (43,50,'Albert Barrett','1','Google',150,6,'2022-09-13');

SELECT * FROM prestapp.loan_status
INSERT INTO `loan_status` (`status_id`,`status_name`,`status_description`,`status_type`) VALUES (1,'PENDING_CUSTOMER_APPROVAL','Cliente debe aceptar el prestamo','Automatico');
INSERT INTO `loan_status` (`status_id`,`status_name`,`status_description`,`status_type`) VALUES (2,'RISK_FAILED','Prestamo rechazado extraordinariamente','Manual');
INSERT INTO `loan_status` (`status_id`,`status_name`,`status_description`,`status_type`) VALUES (3,'TRANSFER_IN_PROGRESS','transferencia de dinero en progreso','Automatico');
INSERT INTO `loan_status` (`status_id`,`status_name`,`status_description`,`status_type`) VALUES (4,'TRANSFERRED','dinero transferido','Automatico');
INSERT INTO `loan_status` (`status_id`,`status_name`,`status_description`,`status_type`) VALUES (5,'TRANSFER_FAILED','transferencia de dinero fallo','Automatico');
INSERT INTO `loan_status` (`status_id`,`status_name`,`status_description`,`status_type`) VALUES (6,'TRANSFER_REJECTED','banco rechazo transferencia','Automatico');
INSERT INTO `loan_status` (`status_id`,`status_name`,`status_description`,`status_type`) VALUES (7,'CANCELLED','prestamo cancelado por el cliente','Manual');
INSERT INTO `loan_status` (`status_id`,`status_name`,`status_description`,`status_type`) VALUES (8,'BAD_DEBT','prestamo incobrable','Automatico');
INSERT INTO `loan_status` (`status_id`,`status_name`,`status_description`,`status_type`) VALUES (9,'DUE','prestamo vencido','Automatico');
INSERT INTO `loan_status` (`status_id`,`status_name`,`status_description`,`status_type`) VALUES (10,'PARTIALLY_PAID','pago incompleto del prestamo','Automatico');
INSERT INTO `loan_status` (`status_id`,`status_name`,`status_description`,`status_type`) VALUES (11,'CLOSED','prestamo cerrado, pagado totalmente','Automatico');
INSERT INTO `loan_status` (`status_id`,`status_name`,`status_description`,`status_type`) VALUES (12,'LEGAL_MANAGEMENT_REQUIRED','prestamo en instancia judicial','Manual');

SELECT * FROM prestapp.loan
INSERT INTO `loan` (`loan_id`,`client_id`,`installments`,`installment_amount`,`total_amount`,`due_amount`,`loan_status`,`transfered`,`employer_id`,`loan_date`) VALUES (1,14,3,150,300,300,1,0,22,'2022-09-13');

SELECT * FROM prestapp.operator
INSERT INTO `operator` (`email`,`operator_name`,`surname`,`password`) VALUES ('operator@prestapp.coder','Leonardo','Bonucci','forzaazurri');

