 -- Alumno: Nicola Galante Giovannone / Parrilla 34945
USE prestapp;

/*
-- Query: SELECT * FROM prestapp.clients
LIMIT 0, 50000

-- Date: 2022-09-13 14:22
*/
INSERT INTO `` (`client_id`,`client_name`,`document_number`,`address`,`email`,`registration_date`) VALUES (2,'Lana Anderson','52849225','Flat 60; 25 Gresse Street; London;W1T 1QP','l.anderson@randatmail.com','2022-09-12');
INSERT INTO `` (`client_id`,`client_name`,`document_number`,`address`,`email`,`registration_date`) VALUES (3,'Maximilian Gray','42321056','14 Skeyton Road; North Walsham;NR28 0BS','m.gray@randatmail.com','2022-09-12');
INSERT INTO `` (`client_id`,`client_name`,`document_number`,`address`,`email`,`registration_date`) VALUES (4,'William Reed','12388791','5 Orchard Close; Eccleston Park;L34 2QX','w.reed@randatmail.com','2022-09-12');
INSERT INTO `` (`client_id`,`client_name`,`document_number`,`address`,`email`,`registration_date`) VALUES (6,'Owen Thompson','48112826','Mile House Cottage; Chittlehampton;EX37 9RD','o.thompson@randatmail.com','2022-09-12');
INSERT INTO `` (`client_id`,`client_name`,`document_number`,`address`,`email`,`registration_date`) VALUES (7,'James Smith','36052475','4 Marine Street; Cwm;NP23 7ST','j.smith@randatmail.com','2022-09-12');
INSERT INTO `` (`client_id`,`client_name`,`document_number`,`address`,`email`,`registration_date`) VALUES (8,'Vivian Harper','84052346','12 Westcroft Park; Broadstone;BH18 8LX','v.harper@randatmail.com','2022-09-12');
INSERT INTO `` (`client_id`,`client_name`,`document_number`,`address`,`email`,`registration_date`) VALUES (9,'Andrew Casey','49821542','151 Eynsham Drive; London;SE2 9PU','a.casey@randatmail.com','2022-09-12');
INSERT INTO `` (`client_id`,`client_name`,`document_number`,`address`,`email`,`registration_date`) VALUES (10,'Dainton Chapman','35982729','48 Pennycross Close; Plymouth;PL2 3EF','d.chapman@randatmail.com','2022-09-12');
INSERT INTO `` (`client_id`,`client_name`,`document_number`,`address`,`email`,`registration_date`) VALUES (11,'Emma Cole','47761334','72 Holm Garth Drive; Hull;HU8 9DZ','e.cole@randatmail.com','2022-09-12');
INSERT INTO `` (`client_id`,`client_name`,`document_number`,`address`,`email`,`registration_date`) VALUES (12,'Preston Hunt','74569830','14 Martyns Grove; Westcliff-On-Sea;SS0 9XX','p.hunt@randatmail.com','2022-09-12');
INSERT INTO `` (`client_id`,`client_name`,`document_number`,`address`,`email`,`registration_date`) VALUES (13,'Caroline Hunt','50314750','64 - 68 Stewarts Road; London;SW8 4DE','c.hunt@randatmail.com','2022-09-12');
INSERT INTO `` (`client_id`,`client_name`,`document_number`,`address`,`email`,`registration_date`) VALUES (14,'Freddie Douglas','62574194','20 Laburnum Avenue; Coventry;CV6 1EH','f.douglas@randatmail.com','2022-09-12');
INSERT INTO `` (`client_id`,`client_name`,`document_number`,`address`,`email`,`registration_date`) VALUES (15,'Vanessa Perry','92357836','Beaufront; Beaufront Terrace; West Boldon;NE36 0PN','v.perry@randatmail.com','2022-09-12');
INSERT INTO `` (`client_id`,`client_name`,`document_number`,`address`,`email`,`registration_date`) VALUES (16,'Lana Johnston','81843635','2 Price Street; Pentre;CF41 7JY','l.johnston@randatmail.com','2022-09-12');
INSERT INTO `` (`client_id`,`client_name`,`document_number`,`address`,`email`,`registration_date`) VALUES (17,'Honey Tucker','24610701','55 Sandalwood Drive; Prenton;CH43 9AJ','h.tucker@randatmail.com','2022-09-12');
INSERT INTO `` (`client_id`,`client_name`,`document_number`,`address`,`email`,`registration_date`) VALUES (18,'Dale Wilson','85106924','Gorwel; Llanbedrgoch;LL76 8TZ','d.wilson@randatmail.com','2022-09-12');
INSERT INTO `` (`client_id`,`client_name`,`document_number`,`address`,`email`,`registration_date`) VALUES (20,'Ada Harris','60408469','Holeyn Cottage; Holeyn Hall Road; Wylam;NE41 8BQ','a.harris@randatmail.com','2022-09-12');
INSERT INTO `` (`client_id`,`client_name`,`document_number`,`address`,`email`,`registration_date`) VALUES (21,'Camila Cameron','59368545','1 North Side; Kirkheaton;NE19 2DG','c.cameron@randatmail.com','2022-09-12');
INSERT INTO `` (`client_id`,`client_name`,`document_number`,`address`,`email`,`registration_date`) VALUES (22,'Maddie Bailey','61344784','14 Muscovy Way; Herne Bay;CT6 5RR','m.bailey@randatmail.com','2022-09-12');
INSERT INTO `` (`client_id`,`client_name`,`document_number`,`address`,`email`,`registration_date`) VALUES (23,'Adrianna Douglas','32267579','31 Abbey Road; Astley;M29 7WH','a.douglas@randatmail.com','2022-09-12');
INSERT INTO `` (`client_id`,`client_name`,`document_number`,`address`,`email`,`registration_date`) VALUES (24,'Max Gray','64429087','10 Cherry Street; Worcester;WR5 3EB','m.gray@randatmail.com','2022-09-12');
INSERT INTO `` (`client_id`,`client_name`,`document_number`,`address`,`email`,`registration_date`) VALUES (25,'Alina Roberts','45981950','9 Lovering Close; Exmouth;EX8 5DJ','a.roberts@randatmail.com','2022-09-12');
INSERT INTO `` (`client_id`,`client_name`,`document_number`,`address`,`email`,`registration_date`) VALUES (26,'Jacob Thompson','46745440','45 Sheriff Street; Hartlepool;TS26 8EZ','j.thompson@randatmail.com','2022-09-12');
INSERT INTO `` (`client_id`,`client_name`,`document_number`,`address`,`email`,`registration_date`) VALUES (27,'Charlotte Mason','69979591','The Old Saw Mill; The Woods; Skipton;BD23 1UL','c.mason@randatmail.com','2022-09-12');
INSERT INTO `` (`client_id`,`client_name`,`document_number`,`address`,`email`,`registration_date`) VALUES (28,'Daniel Miller','26853174','5 Arkle Terrace; Hudswell;DL11 6BH','d.miller@randatmail.com','2022-09-12');
INSERT INTO `` (`client_id`,`client_name`,`document_number`,`address`,`email`,`registration_date`) VALUES (29,'Grace Campbell','90692343','9 Badgers Hill; Virginia Water;GU25 4SB','g.campbell@randatmail.com','2022-09-12');
INSERT INTO `` (`client_id`,`client_name`,`document_number`,`address`,`email`,`registration_date`) VALUES (31,'Miranda Clark','18954934','10 St Georges Way; Grantham;NG31 9GJ','m.clark@randatmail.com','2022-09-12');
INSERT INTO `` (`client_id`,`client_name`,`document_number`,`address`,`email`,`registration_date`) VALUES (32,'Alford Hill','75670957','576 Rochdale Road; Royton;OL2 6SH','a.hill@randatmail.com','2022-09-12');
INSERT INTO `` (`client_id`,`client_name`,`document_number`,`address`,`email`,`registration_date`) VALUES (33,'Amber Richards','37670126','Farm View; Blundel Lane; Stoke Dabernon;KT11 2SN','a.richards@randatmail.com','2022-09-12');
INSERT INTO `` (`client_id`,`client_name`,`document_number`,`address`,`email`,`registration_date`) VALUES (35,'Luke Rogers','85291688','Ghyll End Farm; Kirkby-In-Furness;LA17 7TR','l.rogers@randatmail.com','2022-09-12');
INSERT INTO `` (`client_id`,`client_name`,`document_number`,`address`,`email`,`registration_date`) VALUES (36,'Valeria Gray','27118601','25 Clifton Road; London;W9 1SY','v.gray@randatmail.com','2022-09-12');
INSERT INTO `` (`client_id`,`client_name`,`document_number`,`address`,`email`,`registration_date`) VALUES (37,'Hailey Barnes','46780569','3 Acorn Court; Oughtibridge;S35 0BG','h.barnes@randatmail.com','2022-09-12');
INSERT INTO `` (`client_id`,`client_name`,`document_number`,`address`,`email`,`registration_date`) VALUES (38,'Albert Evans','94102482','295 Station Road; Wallsend;NE28 8SB','a.evans@randatmail.com','2022-09-12');
INSERT INTO `` (`client_id`,`client_name`,`document_number`,`address`,`email`,`registration_date`) VALUES (39,'Dominik Rogers','97965184','11 Hannay Walk; London;SW16 1AS','d.rogers@randatmail.com','2022-09-12');
INSERT INTO `` (`client_id`,`client_name`,`document_number`,`address`,`email`,`registration_date`) VALUES (40,'Victoria Hamilton','25901022','10 New Row; London;WC2N 4LH','v.hamilton@randatmail.com','2022-09-12');
INSERT INTO `` (`client_id`,`client_name`,`document_number`,`address`,`email`,`registration_date`) VALUES (41,'Miley Holmes','21839929','25 Pantyblodau Road; Blaenau;SA18 3BX','m.holmes@randatmail.com','2022-09-12');
INSERT INTO `` (`client_id`,`client_name`,`document_number`,`address`,`email`,`registration_date`) VALUES (42,'Sabrina Sullivan','11513769','1 The Common; Little Blakenham;IP8 4JX','s.sullivan@randatmail.com','2022-09-12');
INSERT INTO `` (`client_id`,`client_name`,`document_number`,`address`,`email`,`registration_date`) VALUES (43,'Wilson Thomas','22671809','Folly Farm; Northfield Road; Tring;HP23 5QJ','w.thomas@randatmail.com','2022-09-12');
INSERT INTO `` (`client_id`,`client_name`,`document_number`,`address`,`email`,`registration_date`) VALUES (45,'Maya Ellis','45682767','38 Green Lane; Penryn;TR10 8QH','m.ellis@randatmail.com','2022-09-12');
INSERT INTO `` (`client_id`,`client_name`,`document_number`,`address`,`email`,`registration_date`) VALUES (46,'Justin Watson','30200575','24 Twinwood Road; Clapham;MK41 6HL','j.watson@randatmail.com','2022-09-12');
INSERT INTO `` (`client_id`,`client_name`,`document_number`,`address`,`email`,`registration_date`) VALUES (47,'Annabella Hunt','29796971','10 Lloyds Terrace; Penydarren;CF47 9HT','a.hunt@randatmail.com','2022-09-12');
INSERT INTO `` (`client_id`,`client_name`,`document_number`,`address`,`email`,`registration_date`) VALUES (48,'Dale Ross','93952050','229 The Homend; Ledbury;HR8 1BS','d.ross@randatmail.com','2022-09-12');
INSERT INTO `` (`client_id`,`client_name`,`document_number`,`address`,`email`,`registration_date`) VALUES (50,'Albert Barrett','72452308','Mill House; Wand Lane; Hensall;DN14 0RF','a.barrett@randatmail.com','2022-09-12');
/*
-- Query: SELECT * FROM prestapp.employer
LIMIT 0, 50000

-- Date: 2022-09-13 14:34
*/
INSERT INTO `` (`employer_id`,`employer_name`,`employer_type`,`payment_date`) VALUES (1,'Jubilados 1','Jubilados',7);
INSERT INTO `` (`employer_id`,`employer_name`,`employer_type`,`payment_date`) VALUES (2,'Jubilados 2','Jubilados',8);
INSERT INTO `` (`employer_id`,`employer_name`,`employer_type`,`payment_date`) VALUES (3,'Jubilados 3','Jubilados',9);
INSERT INTO `` (`employer_id`,`employer_name`,`employer_type`,`payment_date`) VALUES (4,'Jubilados 4','Jubilados',10);
INSERT INTO `` (`employer_id`,`employer_name`,`employer_type`,`payment_date`) VALUES (5,'Jubilados 5','Jubilados',11);
INSERT INTO `` (`employer_id`,`employer_name`,`employer_type`,`payment_date`) VALUES (6,'Pensionados 1','Pensionados',1);
INSERT INTO `` (`employer_id`,`employer_name`,`employer_type`,`payment_date`) VALUES (7,'Pensionados 2','Pensionados',2);
INSERT INTO `` (`employer_id`,`employer_name`,`employer_type`,`payment_date`) VALUES (8,'Pensionados 3','Pensionados',3);
INSERT INTO `` (`employer_id`,`employer_name`,`employer_type`,`payment_date`) VALUES (9,'Pensionados 4','Pensionados',4);
INSERT INTO `` (`employer_id`,`employer_name`,`employer_type`,`payment_date`) VALUES (10,'Pensionados 5','Pensionados',5);
INSERT INTO `` (`employer_id`,`employer_name`,`employer_type`,`payment_date`) VALUES (17,'Gobierno de Salta','Publico',-1);
INSERT INTO `` (`employer_id`,`employer_name`,`employer_type`,`payment_date`) VALUES (18,'Gobierno de Tucumás','Publico',-1);
INSERT INTO `` (`employer_id`,`employer_name`,`employer_type`,`payment_date`) VALUES (19,'Policias','Publico',-1);
INSERT INTO `` (`employer_id`,`employer_name`,`employer_type`,`payment_date`) VALUES (20,'AFIP','Publico',-1);
INSERT INTO `` (`employer_id`,`employer_name`,`employer_type`,`payment_date`) VALUES (21,'Empresas Polar S.A.','Privado',4);
INSERT INTO `` (`employer_id`,`employer_name`,`employer_type`,`payment_date`) VALUES (22,'Techne Simoparma ','Privado',2);
INSERT INTO `` (`employer_id`,`employer_name`,`employer_type`,`payment_date`) VALUES (23,'Coderhouse','Privado',4);
INSERT INTO `` (`employer_id`,`employer_name`,`employer_type`,`payment_date`) VALUES (24,'Google Inc.','Privado',2);
INSERT INTO `` (`employer_id`,`employer_name`,`employer_type`,`payment_date`) VALUES (25,'Yahoo Inc.','Privado',4);
INSERT INTO `` (`employer_id`,`employer_name`,`employer_type`,`payment_date`) VALUES (26,'Boca Juniors','Privado',2);
INSERT INTO `` (`employer_id`,`employer_name`,`employer_type`,`payment_date`) VALUES (27,'River Plate','Privado',4);
INSERT INTO `` (`employer_id`,`employer_name`,`employer_type`,`payment_date`) VALUES (28,'Random_employer_1','Privado',2);
INSERT INTO `` (`employer_id`,`employer_name`,`employer_type`,`payment_date`) VALUES (29,'Random_employer_2','Privado',4);
INSERT INTO `` (`employer_id`,`employer_name`,`employer_type`,`payment_date`) VALUES (30,'Random_employer_3','Privado',2);
INSERT INTO `` (`employer_id`,`employer_name`,`employer_type`,`payment_date`) VALUES (31,'Random_employer_4','Privado',4);
INSERT INTO `` (`employer_id`,`employer_name`,`employer_type`,`payment_date`) VALUES (32,'Random_employer_5','Privado',2);
INSERT INTO `` (`employer_id`,`employer_name`,`employer_type`,`payment_date`) VALUES (33,'Random_employer_6','Privado',4);
INSERT INTO `` (`employer_id`,`employer_name`,`employer_type`,`payment_date`) VALUES (34,'Random_employer_7','Privado',4);
INSERT INTO `` (`employer_id`,`employer_name`,`employer_type`,`payment_date`) VALUES (35,'Random_employer_8','Privado',2);
INSERT INTO `` (`employer_id`,`employer_name`,`employer_type`,`payment_date`) VALUES (36,'Random_employer_9','Privado',4);
INSERT INTO `` (`employer_id`,`employer_name`,`employer_type`,`payment_date`) VALUES (37,'Random_employer_10','Privado',1);
INSERT INTO `` (`employer_id`,`employer_name`,`employer_type`,`payment_date`) VALUES (38,'Random_employer_11','Privado',2);
INSERT INTO `` (`employer_id`,`employer_name`,`employer_type`,`payment_date`) VALUES (39,'Random_employer_12','Privado',2);
INSERT INTO `` (`employer_id`,`employer_name`,`employer_type`,`payment_date`) VALUES (40,'Random_employer_13','Privado',2);
INSERT INTO `` (`employer_id`,`employer_name`,`employer_type`,`payment_date`) VALUES (41,'Random_employer_14','Privado',2);
INSERT INTO `` (`employer_id`,`employer_name`,`employer_type`,`payment_date`) VALUES (42,'Random_employer_15','Privado',2);
INSERT INTO `` (`employer_id`,`employer_name`,`employer_type`,`payment_date`) VALUES (43,'Random_employer_16','Privado',2);
INSERT INTO `` (`employer_id`,`employer_name`,`employer_type`,`payment_date`) VALUES (44,'Random_employer_17','Privado',2);
INSERT INTO `` (`employer_id`,`employer_name`,`employer_type`,`payment_date`) VALUES (45,'Random_employer_18','Privado',2);
INSERT INTO `` (`employer_id`,`employer_name`,`employer_type`,`payment_date`) VALUES (46,'Random_employer_19','Privado',2);
INSERT INTO `` (`employer_id`,`employer_name`,`employer_type`,`payment_date`) VALUES (47,'Random_employer_20','Privado',2);
INSERT INTO `` (`employer_id`,`employer_name`,`employer_type`,`payment_date`) VALUES (48,'Random_employer_21','Privado',2);
INSERT INTO `` (`employer_id`,`employer_name`,`employer_type`,`payment_date`) VALUES (49,'Random_employer_22','Privado',2);
INSERT INTO `` (`employer_id`,`employer_name`,`employer_type`,`payment_date`) VALUES (50,'Random_employer_23','Privado',2);

/*
-- Query: SELECT * FROM prestapp.leads
LIMIT 0, 50000

-- Date: 2022-09-13 14:53
*/
INSERT INTO `` (`lead_id`,`client_id`,`lead_name`,`lead_status`,`lead_source`,`payroll`,`employer_id`,`lead_date`) VALUES (1,2,'Lana Anderson','1','Google',150,4,'2022-09-13');
INSERT INTO `` (`lead_id`,`client_id`,`lead_name`,`lead_status`,`lead_source`,`payroll`,`employer_id`,`lead_date`) VALUES (2,3,'Maximilian Gray','1','Google',150,20,'2022-09-13');
INSERT INTO `` (`lead_id`,`client_id`,`lead_name`,`lead_status`,`lead_source`,`payroll`,`employer_id`,`lead_date`) VALUES (3,4,'William Reed','1','Google',150,28,'2022-09-13');
INSERT INTO `` (`lead_id`,`client_id`,`lead_name`,`lead_status`,`lead_source`,`payroll`,`employer_id`,`lead_date`) VALUES (4,6,'Owen Thompson','1','Google',150,21,'2022-09-13');
INSERT INTO `` (`lead_id`,`client_id`,`lead_name`,`lead_status`,`lead_source`,`payroll`,`employer_id`,`lead_date`) VALUES (6,8,'Vivian Harper','1','Google',150,4,'2022-09-13');
INSERT INTO `` (`lead_id`,`client_id`,`lead_name`,`lead_status`,`lead_source`,`payroll`,`employer_id`,`lead_date`) VALUES (8,10,'Dainton Chapman','1','Google',150,4,'2022-09-13');
INSERT INTO `` (`lead_id`,`client_id`,`lead_name`,`lead_status`,`lead_source`,`payroll`,`employer_id`,`lead_date`) VALUES (9,11,'Emma Cole','1','Google',150,4,'2022-09-13');
INSERT INTO `` (`lead_id`,`client_id`,`lead_name`,`lead_status`,`lead_source`,`payroll`,`employer_id`,`lead_date`) VALUES (10,12,'Preston Hunt','1','Google',150,25,'2022-09-13');
INSERT INTO `` (`lead_id`,`client_id`,`lead_name`,`lead_status`,`lead_source`,`payroll`,`employer_id`,`lead_date`) VALUES (11,13,'Caroline Hunt','1','Google',150,31,'2022-09-13');
INSERT INTO `` (`lead_id`,`client_id`,`lead_name`,`lead_status`,`lead_source`,`payroll`,`employer_id`,`lead_date`) VALUES (12,14,'Freddie Douglas','2','Google',150,20,'2022-09-13');
INSERT INTO `` (`lead_id`,`client_id`,`lead_name`,`lead_status`,`lead_source`,`payroll`,`employer_id`,`lead_date`) VALUES (13,15,'Vanessa Perry','1','Google',150,3,'2022-09-13');
INSERT INTO `` (`lead_id`,`client_id`,`lead_name`,`lead_status`,`lead_source`,`payroll`,`employer_id`,`lead_date`) VALUES (14,16,'Lana Johnston','1','Google',150,4,'2022-09-13');
INSERT INTO `` (`lead_id`,`client_id`,`lead_name`,`lead_status`,`lead_source`,`payroll`,`employer_id`,`lead_date`) VALUES (15,17,'Honey Tucker','1','Google',150,23,'2022-09-13');
INSERT INTO `` (`lead_id`,`client_id`,`lead_name`,`lead_status`,`lead_source`,`payroll`,`employer_id`,`lead_date`) VALUES (16,18,'Dale Wilson','1','Google',150,27,'2022-09-13');
INSERT INTO `` (`lead_id`,`client_id`,`lead_name`,`lead_status`,`lead_source`,`payroll`,`employer_id`,`lead_date`) VALUES (18,21,'Camila Cameron','3','Google',150,18,'2022-09-13');
INSERT INTO `` (`lead_id`,`client_id`,`lead_name`,`lead_status`,`lead_source`,`payroll`,`employer_id`,`lead_date`) VALUES (19,22,'Maddie Bailey','1','Google',150,21,'2022-09-13');
INSERT INTO `` (`lead_id`,`client_id`,`lead_name`,`lead_status`,`lead_source`,`payroll`,`employer_id`,`lead_date`) VALUES (20,23,'Adrianna Douglas','1','Google',150,21,'2022-09-13');
INSERT INTO `` (`lead_id`,`client_id`,`lead_name`,`lead_status`,`lead_source`,`payroll`,`employer_id`,`lead_date`) VALUES (21,24,'Max Gray','1','Google',150,2,'2022-09-13');
INSERT INTO `` (`lead_id`,`client_id`,`lead_name`,`lead_status`,`lead_source`,`payroll`,`employer_id`,`lead_date`) VALUES (22,25,'Alina Roberts','1','Google',150,27,'2022-09-13');
INSERT INTO `` (`lead_id`,`client_id`,`lead_name`,`lead_status`,`lead_source`,`payroll`,`employer_id`,`lead_date`) VALUES (23,26,'Jacob Thompson','1','Google',150,30,'2022-09-13');
INSERT INTO `` (`lead_id`,`client_id`,`lead_name`,`lead_status`,`lead_source`,`payroll`,`employer_id`,`lead_date`) VALUES (24,27,'Charlotte Mason','3','Google',150,29,'2022-09-13');
INSERT INTO `` (`lead_id`,`client_id`,`lead_name`,`lead_status`,`lead_source`,`payroll`,`employer_id`,`lead_date`) VALUES (26,29,'Grace Campbell','1','Google',150,7,'2022-09-13');
INSERT INTO `` (`lead_id`,`client_id`,`lead_name`,`lead_status`,`lead_source`,`payroll`,`employer_id`,`lead_date`) VALUES (27,31,'Miranda Clark','1','Google',150,2,'2022-09-13');
INSERT INTO `` (`lead_id`,`client_id`,`lead_name`,`lead_status`,`lead_source`,`payroll`,`employer_id`,`lead_date`) VALUES (28,32,'Alford Hill','1','Google',150,29,'2022-09-13');
INSERT INTO `` (`lead_id`,`client_id`,`lead_name`,`lead_status`,`lead_source`,`payroll`,`employer_id`,`lead_date`) VALUES (29,33,'Amber Richards','1','Google',150,24,'2022-09-13');
INSERT INTO `` (`lead_id`,`client_id`,`lead_name`,`lead_status`,`lead_source`,`payroll`,`employer_id`,`lead_date`) VALUES (30,35,'Luke Rogers','3','Google',150,29,'2022-09-13');
INSERT INTO `` (`lead_id`,`client_id`,`lead_name`,`lead_status`,`lead_source`,`payroll`,`employer_id`,`lead_date`) VALUES (31,36,'Valeria Gray','1','Google',150,24,'2022-09-13');
INSERT INTO `` (`lead_id`,`client_id`,`lead_name`,`lead_status`,`lead_source`,`payroll`,`employer_id`,`lead_date`) VALUES (33,38,'Albert Evans','1','Google',150,29,'2022-09-13');
INSERT INTO `` (`lead_id`,`client_id`,`lead_name`,`lead_status`,`lead_source`,`payroll`,`employer_id`,`lead_date`) VALUES (34,39,'Dominik Rogers','1','Google',150,29,'2022-09-13');
INSERT INTO `` (`lead_id`,`client_id`,`lead_name`,`lead_status`,`lead_source`,`payroll`,`employer_id`,`lead_date`) VALUES (35,40,'Victoria Hamilton','1','Google',150,20,'2022-09-13');
INSERT INTO `` (`lead_id`,`client_id`,`lead_name`,`lead_status`,`lead_source`,`payroll`,`employer_id`,`lead_date`) VALUES (36,41,'Miley Holmes','3','Google',150,29,'2022-09-13');
INSERT INTO `` (`lead_id`,`client_id`,`lead_name`,`lead_status`,`lead_source`,`payroll`,`employer_id`,`lead_date`) VALUES (37,42,'Sabrina Sullivan','1','Google',150,8,'2022-09-13');
INSERT INTO `` (`lead_id`,`client_id`,`lead_name`,`lead_status`,`lead_source`,`payroll`,`employer_id`,`lead_date`) VALUES (38,43,'Wilson Thomas','1','Google',150,26,'2022-09-13');
INSERT INTO `` (`lead_id`,`client_id`,`lead_name`,`lead_status`,`lead_source`,`payroll`,`employer_id`,`lead_date`) VALUES (39,45,'Maya Ellis','1','Google',150,2,'2022-09-13');
INSERT INTO `` (`lead_id`,`client_id`,`lead_name`,`lead_status`,`lead_source`,`payroll`,`employer_id`,`lead_date`) VALUES (41,47,'Annabella Hunt','1','Google',150,30,'2022-09-13');
INSERT INTO `` (`lead_id`,`client_id`,`lead_name`,`lead_status`,`lead_source`,`payroll`,`employer_id`,`lead_date`) VALUES (43,50,'Albert Barrett','1','Google',150,6,'2022-09-13');

/*
-- Query: SELECT * FROM prestapp.loan
LIMIT 0, 50000

-- Date: 2022-09-13 16:49
*/
INSERT INTO `` (`loan_id`,`client_id`,`installments`,`installment_amount`,`total_amount`,`due_amount`,`loan_status`,`transfered`,`employer_id`,`loan_date`) VALUES (1,14,3,150,300,300,1,0,22,'2022-09-13');

/*
-- Query: SELECT * FROM prestapp.loan_status
LIMIT 0, 50000

-- Date: 2022-09-13 15:47
*/
INSERT INTO `` (`status_id`,`status_name`,`status_description`,`status_type`) VALUES (1,'PENDING_CUSTOMER_APPROVAL','Cliente debe aceptar el prestamo','Automatico');
INSERT INTO `` (`status_id`,`status_name`,`status_description`,`status_type`) VALUES (2,'RISK_FAILED','Prestamo rechazado extraordinariamente','Manual');
INSERT INTO `` (`status_id`,`status_name`,`status_description`,`status_type`) VALUES (3,'TRANSFER_IN_PROGRESS','transferencia de dinero en progreso','Automatico');
INSERT INTO `` (`status_id`,`status_name`,`status_description`,`status_type`) VALUES (4,'TRANSFERRED','dinero transferido','Automatico');
INSERT INTO `` (`status_id`,`status_name`,`status_description`,`status_type`) VALUES (5,'TRANSFER_FAILED','transferencia de dinero fallo','Automatico');
INSERT INTO `` (`status_id`,`status_name`,`status_description`,`status_type`) VALUES (6,'TRANSFER_REJECTED','banco rechazo transferencia','Automatico');
INSERT INTO `` (`status_id`,`status_name`,`status_description`,`status_type`) VALUES (7,'CANCELLED','prestamo cancelado por el cliente','Manual');
INSERT INTO `` (`status_id`,`status_name`,`status_description`,`status_type`) VALUES (8,'BAD_DEBT','prestamo incobrable','Automatico');
INSERT INTO `` (`status_id`,`status_name`,`status_description`,`status_type`) VALUES (9,'DUE','prestamo vencido','Automatico');
INSERT INTO `` (`status_id`,`status_name`,`status_description`,`status_type`) VALUES (10,'PARTIALLY_PAID','pago incompleto del prestamo','Automatico');
INSERT INTO `` (`status_id`,`status_name`,`status_description`,`status_type`) VALUES (11,'CLOSED','prestamo cerrado, pagado totalmente','Automatico');
INSERT INTO `` (`status_id`,`status_name`,`status_description`,`status_type`) VALUES (12,'LEGAL_MANAGEMENT_REQUIRED','prestamo en instancia judicial','Manual');

/*
-- Query: SELECT * FROM prestapp.operator
LIMIT 0, 50000

-- Date: 2022-09-13 16:53
*/
INSERT INTO `` (`email`,`operator_name`,`surname`,`password`) VALUES ('operator@prestapp.coder','Leonardo','Bonucci','forzaazurri');

-- MySQL dump 10.13  Distrib 8.0.30, for Win64 (x86_64)
--
-- Host: 127.0.0.1    Database: prestapp
-- ------------------------------------------------------
-- Server version	8.0.30

/*!40101 SET @OLD_CHARACTER_SET_CLIENT=@@CHARACTER_SET_CLIENT */;
/*!40101 SET @OLD_CHARACTER_SET_RESULTS=@@CHARACTER_SET_RESULTS */;
/*!40101 SET @OLD_COLLATION_CONNECTION=@@COLLATION_CONNECTION */;
/*!50503 SET NAMES utf8 */;
/*!40103 SET @OLD_TIME_ZONE=@@TIME_ZONE */;
/*!40103 SET TIME_ZONE='+00:00' */;
/*!40014 SET @OLD_UNIQUE_CHECKS=@@UNIQUE_CHECKS, UNIQUE_CHECKS=0 */;
/*!40014 SET @OLD_FOREIGN_KEY_CHECKS=@@FOREIGN_KEY_CHECKS, FOREIGN_KEY_CHECKS=0 */;
/*!40101 SET @OLD_SQL_MODE=@@SQL_MODE, SQL_MODE='NO_AUTO_VALUE_ON_ZERO' */;
/*!40111 SET @OLD_SQL_NOTES=@@SQL_NOTES, SQL_NOTES=0 */;

--
-- Table structure for table `clients`
--

DROP TABLE IF EXISTS `clients`;
/*!40101 SET @saved_cs_client     = @@character_set_client */;
/*!50503 SET character_set_client = utf8mb4 */;
CREATE TABLE `clients` (
  `client_id` int NOT NULL AUTO_INCREMENT,
  `client_name` varchar(20) NOT NULL,
  `document_number` varchar(11) NOT NULL,
  `address` varchar(50) NOT NULL,
  `email` varchar(50) NOT NULL,
  `registration_date` date NOT NULL,
  PRIMARY KEY (`client_id`)
) ENGINE=InnoDB AUTO_INCREMENT=52 DEFAULT CHARSET=utf8mb4 COLLATE=utf8mb4_0900_ai_ci;
/*!40101 SET character_set_client = @saved_cs_client */;

--
-- Dumping data for table `clients`
--

LOCK TABLES `clients` WRITE;
/*!40000 ALTER TABLE `clients` DISABLE KEYS */;
INSERT INTO `clients` VALUES (2,'Lana Anderson','52849225','Flat 60; 25 Gresse Street; London;W1T 1QP','l.anderson@randatmail.com','2022-09-12'),(3,'Maximilian Gray','42321056','14 Skeyton Road; North Walsham;NR28 0BS','m.gray@randatmail.com','2022-09-12'),(4,'William Reed','12388791','5 Orchard Close; Eccleston Park;L34 2QX','w.reed@randatmail.com','2022-09-12'),(6,'Owen Thompson','48112826','Mile House Cottage; Chittlehampton;EX37 9RD','o.thompson@randatmail.com','2022-09-12'),(7,'James Smith','36052475','4 Marine Street; Cwm;NP23 7ST','j.smith@randatmail.com','2022-09-12'),(8,'Vivian Harper','84052346','12 Westcroft Park; Broadstone;BH18 8LX','v.harper@randatmail.com','2022-09-12'),(9,'Andrew Casey','49821542','151 Eynsham Drive; London;SE2 9PU','a.casey@randatmail.com','2022-09-12'),(10,'Dainton Chapman','35982729','48 Pennycross Close; Plymouth;PL2 3EF','d.chapman@randatmail.com','2022-09-12'),(11,'Emma Cole','47761334','72 Holm Garth Drive; Hull;HU8 9DZ','e.cole@randatmail.com','2022-09-12'),(12,'Preston Hunt','74569830','14 Martyns Grove; Westcliff-On-Sea;SS0 9XX','p.hunt@randatmail.com','2022-09-12'),(13,'Caroline Hunt','50314750','64 - 68 Stewarts Road; London;SW8 4DE','c.hunt@randatmail.com','2022-09-12'),(14,'Freddie Douglas','62574194','20 Laburnum Avenue; Coventry;CV6 1EH','f.douglas@randatmail.com','2022-09-12'),(15,'Vanessa Perry','92357836','Beaufront; Beaufront Terrace; West Boldon;NE36 0PN','v.perry@randatmail.com','2022-09-12'),(16,'Lana Johnston','81843635','2 Price Street; Pentre;CF41 7JY','l.johnston@randatmail.com','2022-09-12'),(17,'Honey Tucker','24610701','55 Sandalwood Drive; Prenton;CH43 9AJ','h.tucker@randatmail.com','2022-09-12'),(18,'Dale Wilson','85106924','Gorwel; Llanbedrgoch;LL76 8TZ','d.wilson@randatmail.com','2022-09-12'),(20,'Ada Harris','60408469','Holeyn Cottage; Holeyn Hall Road; Wylam;NE41 8BQ','a.harris@randatmail.com','2022-09-12'),(21,'Camila Cameron','59368545','1 North Side; Kirkheaton;NE19 2DG','c.cameron@randatmail.com','2022-09-12'),(22,'Maddie Bailey','61344784','14 Muscovy Way; Herne Bay;CT6 5RR','m.bailey@randatmail.com','2022-09-12'),(23,'Adrianna Douglas','32267579','31 Abbey Road; Astley;M29 7WH','a.douglas@randatmail.com','2022-09-12'),(24,'Max Gray','64429087','10 Cherry Street; Worcester;WR5 3EB','m.gray@randatmail.com','2022-09-12'),(25,'Alina Roberts','45981950','9 Lovering Close; Exmouth;EX8 5DJ','a.roberts@randatmail.com','2022-09-12'),(26,'Jacob Thompson','46745440','45 Sheriff Street; Hartlepool;TS26 8EZ','j.thompson@randatmail.com','2022-09-12'),(27,'Charlotte Mason','69979591','The Old Saw Mill; The Woods; Skipton;BD23 1UL','c.mason@randatmail.com','2022-09-12'),(28,'Daniel Miller','26853174','5 Arkle Terrace; Hudswell;DL11 6BH','d.miller@randatmail.com','2022-09-12'),(29,'Grace Campbell','90692343','9 Badgers Hill; Virginia Water;GU25 4SB','g.campbell@randatmail.com','2022-09-12'),(31,'Miranda Clark','18954934','10 St Georges Way; Grantham;NG31 9GJ','m.clark@randatmail.com','2022-09-12'),(32,'Alford Hill','75670957','576 Rochdale Road; Royton;OL2 6SH','a.hill@randatmail.com','2022-09-12'),(33,'Amber Richards','37670126','Farm View; Blundel Lane; Stoke Dabernon;KT11 2SN','a.richards@randatmail.com','2022-09-12'),(35,'Luke Rogers','85291688','Ghyll End Farm; Kirkby-In-Furness;LA17 7TR','l.rogers@randatmail.com','2022-09-12'),(37,'Hailey Barnes','46780569','3 Acorn Court; Oughtibridge;S35 0BG','h.barnes@randatmail.com','2022-09-12'),(38,'Albert Evans','94102482','295 Station Road; Wallsend;NE28 8SB','a.evans@randatmail.com','2022-09-12'),(39,'Dominik Rogers','97965184','11 Hannay Walk; London;SW16 1AS','d.rogers@randatmail.com','2022-09-12'),(40,'Victoria Hamilton','25901022','10 New Row; London;WC2N 4LH','v.hamilton@randatmail.com','2022-09-12'),(41,'Miley Holmes','21839929','25 Pantyblodau Road; Blaenau;SA18 3BX','m.holmes@randatmail.com','2022-09-12'),(42,'Sabrina Sullivan','11513769','1 The Common; Little Blakenham;IP8 4JX','s.sullivan@randatmail.com','2022-09-12'),(43,'Wilson Thomas','22671809','Folly Farm; Northfield Road; Tring;HP23 5QJ','w.thomas@randatmail.com','2022-09-12'),(45,'Maya Ellis','45682767','38 Green Lane; Penryn;TR10 8QH','m.ellis@randatmail.com','2022-09-12'),(46,'Justin Watson','30200575','24 Twinwood Road; Clapham;MK41 6HL','j.watson@randatmail.com','2022-09-12'),(47,'Annabella Hunt','29796971','10 Lloyds Terrace; Penydarren;CF47 9HT','a.hunt@randatmail.com','2022-09-12'),(50,'Albert Barrett','72452308','Mill House; Wand Lane; Hensall;DN14 0RF','a.barrett@randatmail.com','2022-09-12');
/*!40000 ALTER TABLE `clients` ENABLE KEYS */;
UNLOCK TABLES;
/*!40103 SET TIME_ZONE=@OLD_TIME_ZONE */;

/*!40101 SET SQL_MODE=@OLD_SQL_MODE */;
/*!40014 SET FOREIGN_KEY_CHECKS=@OLD_FOREIGN_KEY_CHECKS */;
/*!40014 SET UNIQUE_CHECKS=@OLD_UNIQUE_CHECKS */;
/*!40101 SET CHARACTER_SET_CLIENT=@OLD_CHARACTER_SET_CLIENT */;
/*!40101 SET CHARACTER_SET_RESULTS=@OLD_CHARACTER_SET_RESULTS */;
/*!40101 SET COLLATION_CONNECTION=@OLD_COLLATION_CONNECTION */;
/*!40111 SET SQL_NOTES=@OLD_SQL_NOTES */;

-- Dump completed on 2022-10-04 15:43:33

-- MySQL dump 10.13  Distrib 8.0.30, for Win64 (x86_64)
--
-- Host: 127.0.0.1    Database: prestapp
-- ------------------------------------------------------
-- Server version	8.0.30

/*!40101 SET @OLD_CHARACTER_SET_CLIENT=@@CHARACTER_SET_CLIENT */;
/*!40101 SET @OLD_CHARACTER_SET_RESULTS=@@CHARACTER_SET_RESULTS */;
/*!40101 SET @OLD_COLLATION_CONNECTION=@@COLLATION_CONNECTION */;
/*!50503 SET NAMES utf8 */;
/*!40103 SET @OLD_TIME_ZONE=@@TIME_ZONE */;
/*!40103 SET TIME_ZONE='+00:00' */;
/*!40014 SET @OLD_UNIQUE_CHECKS=@@UNIQUE_CHECKS, UNIQUE_CHECKS=0 */;
/*!40014 SET @OLD_FOREIGN_KEY_CHECKS=@@FOREIGN_KEY_CHECKS, FOREIGN_KEY_CHECKS=0 */;
/*!40101 SET @OLD_SQL_MODE=@@SQL_MODE, SQL_MODE='NO_AUTO_VALUE_ON_ZERO' */;
/*!40111 SET @OLD_SQL_NOTES=@@SQL_NOTES, SQL_NOTES=0 */;

--
-- Table structure for table `deleted_clients`
--

DROP TABLE IF EXISTS `deleted_clients`;
/*!40101 SET @saved_cs_client     = @@character_set_client */;
/*!50503 SET character_set_client = utf8mb4 */;
CREATE TABLE `deleted_clients` (
  `deleted_client_id` int NOT NULL,
  `client_name` varchar(20) NOT NULL,
  `document_number` varchar(11) NOT NULL,
  `address` varchar(50) NOT NULL,
  `email` varchar(50) NOT NULL,
  `deletion_date` date NOT NULL,
  `deletion_time` time DEFAULT NULL,
  `operator` varchar(50) DEFAULT NULL,
  PRIMARY KEY (`deleted_client_id`)
) ENGINE=InnoDB DEFAULT CHARSET=utf8mb4 COLLATE=utf8mb4_0900_ai_ci;
/*!40101 SET character_set_client = @saved_cs_client */;

--
-- Dumping data for table `deleted_clients`
--

LOCK TABLES `deleted_clients` WRITE;
/*!40000 ALTER TABLE `deleted_clients` DISABLE KEYS */;
INSERT INTO `deleted_clients` VALUES (36,'Valeria Gray','27118601','25 Clifton Road; London;W9 1SY','v.gray@randatmail.com','2022-09-29','17:43:40','root@localhost'),(48,'Dale Ross','93952050','229 The Homend; Ledbury;HR8 1BS','d.ross@randatmail.com','2022-09-29','15:47:03','root@localhost'),(51,'Nicola','123455','Venezuela','hola@prestapp.com','2022-09-29','17:27:58','root@localhost');
/*!40000 ALTER TABLE `deleted_clients` ENABLE KEYS */;
UNLOCK TABLES;
/*!40103 SET TIME_ZONE=@OLD_TIME_ZONE */;

/*!40101 SET SQL_MODE=@OLD_SQL_MODE */;
/*!40014 SET FOREIGN_KEY_CHECKS=@OLD_FOREIGN_KEY_CHECKS */;
/*!40014 SET UNIQUE_CHECKS=@OLD_UNIQUE_CHECKS */;
/*!40101 SET CHARACTER_SET_CLIENT=@OLD_CHARACTER_SET_CLIENT */;
/*!40101 SET CHARACTER_SET_RESULTS=@OLD_CHARACTER_SET_RESULTS */;
/*!40101 SET COLLATION_CONNECTION=@OLD_COLLATION_CONNECTION */;
/*!40111 SET SQL_NOTES=@OLD_SQL_NOTES */;

-- Dump completed on 2022-10-04 15:43:33

-- MySQL dump 10.13  Distrib 8.0.30, for Win64 (x86_64)
--
-- Host: 127.0.0.1    Database: prestapp
-- ------------------------------------------------------
-- Server version	8.0.30

/*!40101 SET @OLD_CHARACTER_SET_CLIENT=@@CHARACTER_SET_CLIENT */;
/*!40101 SET @OLD_CHARACTER_SET_RESULTS=@@CHARACTER_SET_RESULTS */;
/*!40101 SET @OLD_COLLATION_CONNECTION=@@COLLATION_CONNECTION */;
/*!50503 SET NAMES utf8 */;
/*!40103 SET @OLD_TIME_ZONE=@@TIME_ZONE */;
/*!40103 SET TIME_ZONE='+00:00' */;
/*!40014 SET @OLD_UNIQUE_CHECKS=@@UNIQUE_CHECKS, UNIQUE_CHECKS=0 */;
/*!40014 SET @OLD_FOREIGN_KEY_CHECKS=@@FOREIGN_KEY_CHECKS, FOREIGN_KEY_CHECKS=0 */;
/*!40101 SET @OLD_SQL_MODE=@@SQL_MODE, SQL_MODE='NO_AUTO_VALUE_ON_ZERO' */;
/*!40111 SET @OLD_SQL_NOTES=@@SQL_NOTES, SQL_NOTES=0 */;

--
-- Table structure for table `employer`
--

DROP TABLE IF EXISTS `employer`;
/*!40101 SET @saved_cs_client     = @@character_set_client */;
/*!50503 SET character_set_client = utf8mb4 */;
CREATE TABLE `employer` (
  `employer_id` int NOT NULL AUTO_INCREMENT,
  `employer_name` varchar(20) NOT NULL,
  `employer_type` varchar(20) NOT NULL,
  `payment_date` int DEFAULT NULL,
  PRIMARY KEY (`employer_id`)
) ENGINE=InnoDB AUTO_INCREMENT=51 DEFAULT CHARSET=utf8mb4 COLLATE=utf8mb4_0900_ai_ci;
/*!40101 SET character_set_client = @saved_cs_client */;

--
-- Dumping data for table `employer`
--

LOCK TABLES `employer` WRITE;
/*!40000 ALTER TABLE `employer` DISABLE KEYS */;
INSERT INTO `employer` VALUES (1,'Jubilados 1','Jubilados',7),(2,'Jubilados 2','Jubilados',8),(3,'Jubilados 3','Jubilados',9),(4,'Jubilados 4','Jubilados',10),(5,'Jubilados 5','Jubilados',11),(6,'Pensionados 1','Pensionados',1),(7,'Pensionados 2','Pensionados',2),(8,'Pensionados 3','Pensionados',3),(9,'Pensionados 4','Pensionados',4),(10,'Pensionados 5','Pensionados',5),(17,'Gobierno de Salta','Publico',-1),(18,'Gobierno de Tucumás','Publico',-1),(19,'Policias','Publico',-1),(20,'AFIP','Publico',-1),(21,'Empresas Polar S.A.','Privado',4),(22,'Techne Simoparma ','Privado',2),(23,'Coderhouse','Privado',4),(24,'Google Inc.','Privado',2),(25,'Yahoo Inc.','Privado',4),(26,'Boca Juniors','Privado',2),(27,'River Plate','Privado',4),(28,'Random_employer_1','Privado',2),(29,'Random_employer_2','Privado',4),(30,'Random_employer_3','Privado',2),(31,'Random_employer_4','Privado',4),(32,'Random_employer_5','Privado',2),(33,'Random_employer_6','Privado',4),(34,'Random_employer_7','Privado',4),(35,'Random_employer_8','Privado',2),(36,'Random_employer_9','Privado',4),(37,'Random_employer_10','Privado',1),(38,'Random_employer_11','Privado',2),(39,'Random_employer_12','Privado',2),(40,'Random_employer_13','Privado',2),(41,'Random_employer_14','Privado',2),(42,'Random_employer_15','Privado',2),(43,'Random_employer_16','Privado',2),(44,'Random_employer_17','Privado',2),(45,'Random_employer_18','Privado',2),(46,'Random_employer_19','Privado',2),(47,'Random_employer_20','Privado',2),(48,'Random_employer_21','Privado',2),(49,'Random_employer_22','Privado',2),(50,'Random_employer_23','Privado',2);
/*!40000 ALTER TABLE `employer` ENABLE KEYS */;
UNLOCK TABLES;
/*!40103 SET TIME_ZONE=@OLD_TIME_ZONE */;

/*!40101 SET SQL_MODE=@OLD_SQL_MODE */;
/*!40014 SET FOREIGN_KEY_CHECKS=@OLD_FOREIGN_KEY_CHECKS */;
/*!40014 SET UNIQUE_CHECKS=@OLD_UNIQUE_CHECKS */;
/*!40101 SET CHARACTER_SET_CLIENT=@OLD_CHARACTER_SET_CLIENT */;
/*!40101 SET CHARACTER_SET_RESULTS=@OLD_CHARACTER_SET_RESULTS */;
/*!40101 SET COLLATION_CONNECTION=@OLD_COLLATION_CONNECTION */;
/*!40111 SET SQL_NOTES=@OLD_SQL_NOTES */;

-- Dump completed on 2022-10-04 15:43:34

-- MySQL dump 10.13  Distrib 8.0.30, for Win64 (x86_64)
--
-- Host: 127.0.0.1    Database: prestapp
-- ------------------------------------------------------
-- Server version	8.0.30

/*!40101 SET @OLD_CHARACTER_SET_CLIENT=@@CHARACTER_SET_CLIENT */;
/*!40101 SET @OLD_CHARACTER_SET_RESULTS=@@CHARACTER_SET_RESULTS */;
/*!40101 SET @OLD_COLLATION_CONNECTION=@@COLLATION_CONNECTION */;
/*!50503 SET NAMES utf8 */;
/*!40103 SET @OLD_TIME_ZONE=@@TIME_ZONE */;
/*!40103 SET TIME_ZONE='+00:00' */;
/*!40014 SET @OLD_UNIQUE_CHECKS=@@UNIQUE_CHECKS, UNIQUE_CHECKS=0 */;
/*!40014 SET @OLD_FOREIGN_KEY_CHECKS=@@FOREIGN_KEY_CHECKS, FOREIGN_KEY_CHECKS=0 */;
/*!40101 SET @OLD_SQL_MODE=@@SQL_MODE, SQL_MODE='NO_AUTO_VALUE_ON_ZERO' */;
/*!40111 SET @OLD_SQL_NOTES=@@SQL_NOTES, SQL_NOTES=0 */;

--
-- Table structure for table `leads`
--

DROP TABLE IF EXISTS `leads`;
/*!40101 SET @saved_cs_client     = @@character_set_client */;
/*!50503 SET character_set_client = utf8mb4 */;
CREATE TABLE `leads` (
  `lead_id` int NOT NULL AUTO_INCREMENT,
  `client_id` int DEFAULT NULL,
  `lead_name` varchar(20) NOT NULL,
  `lead_status` int DEFAULT NULL,
  `lead_source` varchar(50) DEFAULT NULL,
  `payroll` float NOT NULL,
  `employer_id` int NOT NULL,
  `lead_date` date NOT NULL,
  PRIMARY KEY (`lead_id`),
  KEY `client_id` (`client_id`),
  KEY `employer_id` (`employer_id`),
  KEY `lead_status` (`lead_status`),
  CONSTRAINT `leads_ibfk_1` FOREIGN KEY (`client_id`) REFERENCES `clients` (`client_id`),
  CONSTRAINT `leads_ibfk_2` FOREIGN KEY (`employer_id`) REFERENCES `employer` (`employer_id`),
  CONSTRAINT `leads_ibfk_3` FOREIGN KEY (`lead_status`) REFERENCES `status_leads` (`status_id`)
) ENGINE=InnoDB AUTO_INCREMENT=47 DEFAULT CHARSET=utf8mb4 COLLATE=utf8mb4_0900_ai_ci;
/*!40101 SET character_set_client = @saved_cs_client */;

--
-- Dumping data for table `leads`
--

LOCK TABLES `leads` WRITE;
/*!40000 ALTER TABLE `leads` DISABLE KEYS */;
INSERT INTO `leads` VALUES (1,2,'Lana Anderson',1,'Google',150,4,'2022-09-13'),(2,3,'Maximilian Gray',1,'Google',150,20,'2022-09-13'),(3,4,'William Reed',1,'Google',150,28,'2022-09-13'),(4,6,'Owen Thompson',1,'Google',150,21,'2022-09-13'),(6,8,'Vivian Harper',1,'Google',150,4,'2022-09-13'),(8,10,'Dainton Chapman',1,'Google',150,4,'2022-09-13'),(9,11,'Emma Cole',1,'Google',150,4,'2022-09-13'),(10,12,'Preston Hunt',1,'Google',150,25,'2022-09-13'),(11,13,'Caroline Hunt',1,'Google',150,31,'2022-09-13'),(12,14,'Freddie Douglas',4,'Google',150,20,'2022-09-13'),(13,15,'Vanessa Perry',1,'Google',150,3,'2022-09-13'),(14,16,'Lana Johnston',1,'Google',150,4,'2022-09-13'),(15,17,'Honey Tucker',1,'Google',150,23,'2022-09-13'),(16,18,'Dale Wilson',1,'Google',150,27,'2022-09-13'),(18,21,'Camila Cameron',3,'Google',150,18,'2022-09-13'),(19,22,'Maddie Bailey',1,'Google',150,21,'2022-09-13'),(20,23,'Adrianna Douglas',1,'Google',150,21,'2022-09-13'),(21,24,'Max Gray',1,'Google',150,2,'2022-09-13'),(22,25,'Alina Roberts',1,'Google',150,27,'2022-09-13'),(23,26,'Jacob Thompson',1,'Google',150,30,'2022-09-13'),(24,27,'Charlotte Mason',3,'Google',150,29,'2022-09-13'),(26,29,'Grace Campbell',1,'Google',150,7,'2022-09-13'),(27,31,'Miranda Clark',1,'Google',150,2,'2022-09-13'),(28,32,'Alford Hill',1,'Google',150,29,'2022-09-13'),(29,33,'Amber Richards',1,'Google',150,24,'2022-09-13'),(30,35,'Luke Rogers',3,'Google',150,29,'2022-09-13'),(33,38,'Albert Evans',1,'Google',150,29,'2022-09-13'),(34,39,'Dominik Rogers',1,'Google',150,29,'2022-09-13'),(35,40,'Victoria Hamilton',1,'Google',150,20,'2022-09-13'),(36,41,'Miley Holmes',3,'Google',150,29,'2022-09-13'),(37,42,'Sabrina Sullivan',1,'Google',150,8,'2022-09-13'),(38,43,'Wilson Thomas',1,'Google',150,26,'2022-09-13'),(39,45,'Maya Ellis',1,'Google',150,2,'2022-09-13'),(41,47,'Annabella Hunt',1,'Google',150,30,'2022-09-13'),(43,50,'Albert Barrett',1,'Google',150,6,'2022-09-13'),(44,47,'Annabella Hunt',2,'Youtube',150,30,'2022-09-13'),(45,43,'Wilson Thomas',2,'Meta',150,26,'2022-09-20');
/*!40000 ALTER TABLE `leads` ENABLE KEYS */;
UNLOCK TABLES;
/*!40103 SET TIME_ZONE=@OLD_TIME_ZONE */;

/*!40101 SET SQL_MODE=@OLD_SQL_MODE */;
/*!40014 SET FOREIGN_KEY_CHECKS=@OLD_FOREIGN_KEY_CHECKS */;
/*!40014 SET UNIQUE_CHECKS=@OLD_UNIQUE_CHECKS */;
/*!40101 SET CHARACTER_SET_CLIENT=@OLD_CHARACTER_SET_CLIENT */;
/*!40101 SET CHARACTER_SET_RESULTS=@OLD_CHARACTER_SET_RESULTS */;
/*!40101 SET COLLATION_CONNECTION=@OLD_COLLATION_CONNECTION */;
/*!40111 SET SQL_NOTES=@OLD_SQL_NOTES */;

-- Dump completed on 2022-10-04 15:43:34

-- MySQL dump 10.13  Distrib 8.0.30, for Win64 (x86_64)
--
-- Host: 127.0.0.1    Database: prestapp
-- ------------------------------------------------------
-- Server version	8.0.30

/*!40101 SET @OLD_CHARACTER_SET_CLIENT=@@CHARACTER_SET_CLIENT */;
/*!40101 SET @OLD_CHARACTER_SET_RESULTS=@@CHARACTER_SET_RESULTS */;
/*!40101 SET @OLD_COLLATION_CONNECTION=@@COLLATION_CONNECTION */;
/*!50503 SET NAMES utf8 */;
/*!40103 SET @OLD_TIME_ZONE=@@TIME_ZONE */;
/*!40103 SET TIME_ZONE='+00:00' */;
/*!40014 SET @OLD_UNIQUE_CHECKS=@@UNIQUE_CHECKS, UNIQUE_CHECKS=0 */;
/*!40014 SET @OLD_FOREIGN_KEY_CHECKS=@@FOREIGN_KEY_CHECKS, FOREIGN_KEY_CHECKS=0 */;
/*!40101 SET @OLD_SQL_MODE=@@SQL_MODE, SQL_MODE='NO_AUTO_VALUE_ON_ZERO' */;
/*!40111 SET @OLD_SQL_NOTES=@@SQL_NOTES, SQL_NOTES=0 */;

--
-- Table structure for table `loan`
--

DROP TABLE IF EXISTS `loan`;
/*!40101 SET @saved_cs_client     = @@character_set_client */;
/*!50503 SET character_set_client = utf8mb4 */;
CREATE TABLE `loan` (
  `loan_id` int NOT NULL AUTO_INCREMENT,
  `client_id` int DEFAULT NULL,
  `installments` int NOT NULL,
  `installment_amount` float NOT NULL,
  `total_amount` float NOT NULL,
  `due_amount` float NOT NULL,
  `loan_status` int NOT NULL,
  `transfered` tinyint(1) DEFAULT NULL,
  `employer_id` int NOT NULL,
  `loan_date` date NOT NULL,
  PRIMARY KEY (`loan_id`),
  KEY `client_id` (`client_id`),
  KEY `employer_id` (`employer_id`),
  KEY `loan_status` (`loan_status`),
  CONSTRAINT `loan_ibfk_1` FOREIGN KEY (`client_id`) REFERENCES `clients` (`client_id`),
  CONSTRAINT `loan_ibfk_2` FOREIGN KEY (`employer_id`) REFERENCES `employer` (`employer_id`),
  CONSTRAINT `loan_ibfk_3` FOREIGN KEY (`loan_status`) REFERENCES `loan_status` (`status_id`)
) ENGINE=InnoDB AUTO_INCREMENT=13 DEFAULT CHARSET=utf8mb4 COLLATE=utf8mb4_0900_ai_ci;
/*!40101 SET character_set_client = @saved_cs_client */;

--
-- Dumping data for table `loan`
--

LOCK TABLES `loan` WRITE;
/*!40000 ALTER TABLE `loan` DISABLE KEYS */;
INSERT INTO `loan` VALUES (1,14,3,150,300,300,8,1,22,'2022-09-13'),(2,47,4,150,600,600,8,1,30,'2022-09-13'),(4,6,4,150,600,600,12,1,21,'2022-09-13'),(6,24,4,150,600,600,10,1,2,'2022-09-13'),(7,14,4,150,600,600,3,0,20,'2022-09-13'),(8,2,4,150,600,600,2,0,20,'2022-09-13'),(9,31,4,150,600,600,2,0,2,'2022-09-13'),(10,50,4,150,600,600,2,0,6,'2022-09-13'),(11,3,4,150,600,600,11,1,20,'2022-09-13');
/*!40000 ALTER TABLE `loan` ENABLE KEYS */;
UNLOCK TABLES;
/*!40103 SET TIME_ZONE=@OLD_TIME_ZONE */;

/*!40101 SET SQL_MODE=@OLD_SQL_MODE */;
/*!40014 SET FOREIGN_KEY_CHECKS=@OLD_FOREIGN_KEY_CHECKS */;
/*!40014 SET UNIQUE_CHECKS=@OLD_UNIQUE_CHECKS */;
/*!40101 SET CHARACTER_SET_CLIENT=@OLD_CHARACTER_SET_CLIENT */;
/*!40101 SET CHARACTER_SET_RESULTS=@OLD_CHARACTER_SET_RESULTS */;
/*!40101 SET COLLATION_CONNECTION=@OLD_COLLATION_CONNECTION */;
/*!40111 SET SQL_NOTES=@OLD_SQL_NOTES */;

-- Dump completed on 2022-10-04 15:43:34

-- MySQL dump 10.13  Distrib 8.0.30, for Win64 (x86_64)
--
-- Host: 127.0.0.1    Database: prestapp
-- ------------------------------------------------------
-- Server version	8.0.30

/*!40101 SET @OLD_CHARACTER_SET_CLIENT=@@CHARACTER_SET_CLIENT */;
/*!40101 SET @OLD_CHARACTER_SET_RESULTS=@@CHARACTER_SET_RESULTS */;
/*!40101 SET @OLD_COLLATION_CONNECTION=@@COLLATION_CONNECTION */;
/*!50503 SET NAMES utf8 */;
/*!40103 SET @OLD_TIME_ZONE=@@TIME_ZONE */;
/*!40103 SET TIME_ZONE='+00:00' */;
/*!40014 SET @OLD_UNIQUE_CHECKS=@@UNIQUE_CHECKS, UNIQUE_CHECKS=0 */;
/*!40014 SET @OLD_FOREIGN_KEY_CHECKS=@@FOREIGN_KEY_CHECKS, FOREIGN_KEY_CHECKS=0 */;
/*!40101 SET @OLD_SQL_MODE=@@SQL_MODE, SQL_MODE='NO_AUTO_VALUE_ON_ZERO' */;
/*!40111 SET @OLD_SQL_NOTES=@@SQL_NOTES, SQL_NOTES=0 */;

--
-- Table structure for table `loan_status`
--

DROP TABLE IF EXISTS `loan_status`;
/*!40101 SET @saved_cs_client     = @@character_set_client */;
/*!50503 SET character_set_client = utf8mb4 */;
CREATE TABLE `loan_status` (
  `status_id` int NOT NULL AUTO_INCREMENT,
  `status_name` varchar(50) NOT NULL,
  `status_description` varchar(255) DEFAULT NULL,
  `status_type` varchar(50) DEFAULT NULL,
  PRIMARY KEY (`status_id`)
) ENGINE=InnoDB AUTO_INCREMENT=13 DEFAULT CHARSET=utf8mb4 COLLATE=utf8mb4_0900_ai_ci;
/*!40101 SET character_set_client = @saved_cs_client */;

--
-- Dumping data for table `loan_status`
--

LOCK TABLES `loan_status` WRITE;
/*!40000 ALTER TABLE `loan_status` DISABLE KEYS */;
INSERT INTO `loan_status` VALUES (1,'PENDING_CUSTOMER_APPROVAL','Cliente debe aceptar el prestamo','Automatico'),(2,'RISK_FAILED','Prestamo rechazado extraordinariamente','Manual'),(3,'TRANSFER_IN_PROGRESS','transferencia de dinero en progreso','Automatico'),(4,'TRANSFERRED','dinero transferido','Automatico'),(5,'TRANSFER_FAILED','transferencia de dinero fallo','Automatico'),(6,'TRANSFER_REJECTED','banco rechazo transferencia','Automatico'),(7,'CANCELLED','prestamo cancelado por el cliente','Manual'),(8,'BAD_DEBT','prestamo incobrable','Automatico'),(9,'DUE','prestamo vencido','Automatico'),(10,'PARTIALLY_PAID','pago incompleto del prestamo','Automatico'),(11,'CLOSED','prestamo cerrado, pagado totalmente','Automatico'),(12,'LEGAL_MANAGEMENT_REQUIRED','prestamo en instancia judicial','Manual');
/*!40000 ALTER TABLE `loan_status` ENABLE KEYS */;
UNLOCK TABLES;
/*!40103 SET TIME_ZONE=@OLD_TIME_ZONE */;

/*!40101 SET SQL_MODE=@OLD_SQL_MODE */;
/*!40014 SET FOREIGN_KEY_CHECKS=@OLD_FOREIGN_KEY_CHECKS */;
/*!40014 SET UNIQUE_CHECKS=@OLD_UNIQUE_CHECKS */;
/*!40101 SET CHARACTER_SET_CLIENT=@OLD_CHARACTER_SET_CLIENT */;
/*!40101 SET CHARACTER_SET_RESULTS=@OLD_CHARACTER_SET_RESULTS */;
/*!40101 SET COLLATION_CONNECTION=@OLD_COLLATION_CONNECTION */;
/*!40111 SET SQL_NOTES=@OLD_SQL_NOTES */;

-- Dump completed on 2022-10-04 15:43:33

-- MySQL dump 10.13  Distrib 8.0.30, for Win64 (x86_64)
--
-- Host: 127.0.0.1    Database: prestapp
-- ------------------------------------------------------
-- Server version	8.0.30

/*!40101 SET @OLD_CHARACTER_SET_CLIENT=@@CHARACTER_SET_CLIENT */;
/*!40101 SET @OLD_CHARACTER_SET_RESULTS=@@CHARACTER_SET_RESULTS */;
/*!40101 SET @OLD_COLLATION_CONNECTION=@@COLLATION_CONNECTION */;
/*!50503 SET NAMES utf8 */;
/*!40103 SET @OLD_TIME_ZONE=@@TIME_ZONE */;
/*!40103 SET TIME_ZONE='+00:00' */;
/*!40014 SET @OLD_UNIQUE_CHECKS=@@UNIQUE_CHECKS, UNIQUE_CHECKS=0 */;
/*!40014 SET @OLD_FOREIGN_KEY_CHECKS=@@FOREIGN_KEY_CHECKS, FOREIGN_KEY_CHECKS=0 */;
/*!40101 SET @OLD_SQL_MODE=@@SQL_MODE, SQL_MODE='NO_AUTO_VALUE_ON_ZERO' */;
/*!40111 SET @OLD_SQL_NOTES=@@SQL_NOTES, SQL_NOTES=0 */;

--
-- Table structure for table `loan_status_history`
--

DROP TABLE IF EXISTS `loan_status_history`;
/*!40101 SET @saved_cs_client     = @@character_set_client */;
/*!50503 SET character_set_client = utf8mb4 */;
CREATE TABLE `loan_status_history` (
  `status_history_id` int NOT NULL AUTO_INCREMENT,
  `loan_id` int DEFAULT NULL,
  `operator` varchar(50) DEFAULT NULL,
  `status_id` int DEFAULT NULL,
  `history_date` date DEFAULT NULL,
  `history_time` time DEFAULT NULL,
  PRIMARY KEY (`status_history_id`),
  KEY `loan_id` (`loan_id`),
  KEY `status_id` (`status_id`),
  CONSTRAINT `loan_status_history_ibfk_1` FOREIGN KEY (`loan_id`) REFERENCES `loan` (`loan_id`),
  CONSTRAINT `loan_status_history_ibfk_3` FOREIGN KEY (`status_id`) REFERENCES `loan_status` (`status_id`)
) ENGINE=InnoDB AUTO_INCREMENT=31 DEFAULT CHARSET=utf8mb4 COLLATE=utf8mb4_0900_ai_ci;
/*!40101 SET character_set_client = @saved_cs_client */;

--
-- Dumping data for table `loan_status_history`
--

LOCK TABLES `loan_status_history` WRITE;
/*!40000 ALTER TABLE `loan_status_history` DISABLE KEYS */;
INSERT INTO `loan_status_history` VALUES (1,1,'operator@prestapp.coder',1,'2022-09-13',NULL),(2,2,'operator@prestapp.coder',3,'2022-09-13',NULL),(3,4,'operator@prestapp.coder',5,'2022-09-13',NULL),(4,6,'operator@prestapp.coder',1,'2022-09-13',NULL),(5,7,'operator@prestapp.coder',3,'2022-09-13',NULL),(6,8,'operator@prestapp.coder',2,'2022-09-13',NULL),(7,9,'operator@prestapp.coder',2,'2022-09-13',NULL),(8,10,'operator@prestapp.coder',2,'2022-09-13',NULL),(9,11,'paulo@prestapp.coder',4,'2022-09-19',NULL),(29,11,'root@localhost',5,'2022-09-29',NULL),(30,11,'root@localhost',11,'2022-09-29','14:38:40');
/*!40000 ALTER TABLE `loan_status_history` ENABLE KEYS */;
UNLOCK TABLES;
/*!40103 SET TIME_ZONE=@OLD_TIME_ZONE */;

/*!40101 SET SQL_MODE=@OLD_SQL_MODE */;
/*!40014 SET FOREIGN_KEY_CHECKS=@OLD_FOREIGN_KEY_CHECKS */;
/*!40014 SET UNIQUE_CHECKS=@OLD_UNIQUE_CHECKS */;
/*!40101 SET CHARACTER_SET_CLIENT=@OLD_CHARACTER_SET_CLIENT */;
/*!40101 SET CHARACTER_SET_RESULTS=@OLD_CHARACTER_SET_RESULTS */;
/*!40101 SET COLLATION_CONNECTION=@OLD_COLLATION_CONNECTION */;
/*!40111 SET SQL_NOTES=@OLD_SQL_NOTES */;

-- Dump completed on 2022-10-04 15:43:34

-- MySQL dump 10.13  Distrib 8.0.30, for Win64 (x86_64)
--
-- Host: 127.0.0.1    Database: prestapp
-- ------------------------------------------------------
-- Server version	8.0.30

/*!40101 SET @OLD_CHARACTER_SET_CLIENT=@@CHARACTER_SET_CLIENT */;
/*!40101 SET @OLD_CHARACTER_SET_RESULTS=@@CHARACTER_SET_RESULTS */;
/*!40101 SET @OLD_COLLATION_CONNECTION=@@COLLATION_CONNECTION */;
/*!50503 SET NAMES utf8 */;
/*!40103 SET @OLD_TIME_ZONE=@@TIME_ZONE */;
/*!40103 SET TIME_ZONE='+00:00' */;
/*!40014 SET @OLD_UNIQUE_CHECKS=@@UNIQUE_CHECKS, UNIQUE_CHECKS=0 */;
/*!40014 SET @OLD_FOREIGN_KEY_CHECKS=@@FOREIGN_KEY_CHECKS, FOREIGN_KEY_CHECKS=0 */;
/*!40101 SET @OLD_SQL_MODE=@@SQL_MODE, SQL_MODE='NO_AUTO_VALUE_ON_ZERO' */;
/*!40111 SET @OLD_SQL_NOTES=@@SQL_NOTES, SQL_NOTES=0 */;

--
-- Table structure for table `ofertas_renovacion`
--

DROP TABLE IF EXISTS `ofertas_renovacion`;
/*!40101 SET @saved_cs_client     = @@character_set_client */;
/*!50503 SET character_set_client = utf8mb4 */;
CREATE TABLE `ofertas_renovacion` (
  `renovador_id` int NOT NULL AUTO_INCREMENT,
  `client_id` int NOT NULL,
  `monto` float NOT NULL,
  PRIMARY KEY (`renovador_id`),
  UNIQUE KEY `renovador_id_UNIQUE` (`renovador_id`),
  KEY `client_id_idx` (`client_id`),
  CONSTRAINT `client_id` FOREIGN KEY (`client_id`) REFERENCES `clients` (`client_id`)
) ENGINE=InnoDB DEFAULT CHARSET=utf8mb4 COLLATE=utf8mb4_0900_ai_ci;
/*!40101 SET character_set_client = @saved_cs_client */;

--
-- Dumping data for table `ofertas_renovacion`
--

LOCK TABLES `ofertas_renovacion` WRITE;
/*!40000 ALTER TABLE `ofertas_renovacion` DISABLE KEYS */;
/*!40000 ALTER TABLE `ofertas_renovacion` ENABLE KEYS */;
UNLOCK TABLES;
/*!40103 SET TIME_ZONE=@OLD_TIME_ZONE */;

/*!40101 SET SQL_MODE=@OLD_SQL_MODE */;
/*!40014 SET FOREIGN_KEY_CHECKS=@OLD_FOREIGN_KEY_CHECKS */;
/*!40014 SET UNIQUE_CHECKS=@OLD_UNIQUE_CHECKS */;
/*!40101 SET CHARACTER_SET_CLIENT=@OLD_CHARACTER_SET_CLIENT */;
/*!40101 SET CHARACTER_SET_RESULTS=@OLD_CHARACTER_SET_RESULTS */;
/*!40101 SET COLLATION_CONNECTION=@OLD_COLLATION_CONNECTION */;
/*!40111 SET SQL_NOTES=@OLD_SQL_NOTES */;

-- Dump completed on 2022-10-04 15:43:34

-- MySQL dump 10.13  Distrib 8.0.30, for Win64 (x86_64)
--
-- Host: 127.0.0.1    Database: prestapp
-- ------------------------------------------------------
-- Server version	8.0.30

/*!40101 SET @OLD_CHARACTER_SET_CLIENT=@@CHARACTER_SET_CLIENT */;
/*!40101 SET @OLD_CHARACTER_SET_RESULTS=@@CHARACTER_SET_RESULTS */;
/*!40101 SET @OLD_COLLATION_CONNECTION=@@COLLATION_CONNECTION */;
/*!50503 SET NAMES utf8 */;
/*!40103 SET @OLD_TIME_ZONE=@@TIME_ZONE */;
/*!40103 SET TIME_ZONE='+00:00' */;
/*!40014 SET @OLD_UNIQUE_CHECKS=@@UNIQUE_CHECKS, UNIQUE_CHECKS=0 */;
/*!40014 SET @OLD_FOREIGN_KEY_CHECKS=@@FOREIGN_KEY_CHECKS, FOREIGN_KEY_CHECKS=0 */;
/*!40101 SET @OLD_SQL_MODE=@@SQL_MODE, SQL_MODE='NO_AUTO_VALUE_ON_ZERO' */;
/*!40111 SET @OLD_SQL_NOTES=@@SQL_NOTES, SQL_NOTES=0 */;

--
-- Table structure for table `operator`
--

DROP TABLE IF EXISTS `operator`;
/*!40101 SET @saved_cs_client     = @@character_set_client */;
/*!50503 SET character_set_client = utf8mb4 */;
CREATE TABLE `operator` (
  `email` varchar(50) NOT NULL,
  `operator_name` varchar(50) DEFAULT NULL,
  `surname` varchar(50) DEFAULT NULL,
  `password` varchar(255) DEFAULT NULL,
  PRIMARY KEY (`email`)
) ENGINE=InnoDB DEFAULT CHARSET=utf8mb4 COLLATE=utf8mb4_0900_ai_ci;
/*!40101 SET character_set_client = @saved_cs_client */;

--
-- Dumping data for table `operator`
--

LOCK TABLES `operator` WRITE;
/*!40000 ALTER TABLE `operator` DISABLE KEYS */;
INSERT INTO `operator` VALUES ('LeonelLoPresti@prestapp.com','Leonel','LoPresti','f54831243260da2da7108f1bc07f9ae7'),('nicolagalante@prestapp.com','nicola','galante','a11aec50faa18726b2b8973c417464dc'),('operator@prestapp.coder','Leonardo','Bonucci','forzaazurri'),('paulo@prestapp.coder','Paulo','Dybala','tradittore');
/*!40000 ALTER TABLE `operator` ENABLE KEYS */;
UNLOCK TABLES;
/*!40103 SET TIME_ZONE=@OLD_TIME_ZONE */;

/*!40101 SET SQL_MODE=@OLD_SQL_MODE */;
/*!40014 SET FOREIGN_KEY_CHECKS=@OLD_FOREIGN_KEY_CHECKS */;
/*!40014 SET UNIQUE_CHECKS=@OLD_UNIQUE_CHECKS */;
/*!40101 SET CHARACTER_SET_CLIENT=@OLD_CHARACTER_SET_CLIENT */;
/*!40101 SET CHARACTER_SET_RESULTS=@OLD_CHARACTER_SET_RESULTS */;
/*!40101 SET COLLATION_CONNECTION=@OLD_COLLATION_CONNECTION */;
/*!40111 SET SQL_NOTES=@OLD_SQL_NOTES */;

-- Dump completed on 2022-10-04 15:43:34

-- MySQL dump 10.13  Distrib 8.0.30, for Win64 (x86_64)
--
-- Host: 127.0.0.1    Database: prestapp
-- ------------------------------------------------------
-- Server version	8.0.30

/*!40101 SET @OLD_CHARACTER_SET_CLIENT=@@CHARACTER_SET_CLIENT */;
/*!40101 SET @OLD_CHARACTER_SET_RESULTS=@@CHARACTER_SET_RESULTS */;
/*!40101 SET @OLD_COLLATION_CONNECTION=@@COLLATION_CONNECTION */;
/*!50503 SET NAMES utf8 */;
/*!40103 SET @OLD_TIME_ZONE=@@TIME_ZONE */;
/*!40103 SET TIME_ZONE='+00:00' */;
/*!40014 SET @OLD_UNIQUE_CHECKS=@@UNIQUE_CHECKS, UNIQUE_CHECKS=0 */;
/*!40014 SET @OLD_FOREIGN_KEY_CHECKS=@@FOREIGN_KEY_CHECKS, FOREIGN_KEY_CHECKS=0 */;
/*!40101 SET @OLD_SQL_MODE=@@SQL_MODE, SQL_MODE='NO_AUTO_VALUE_ON_ZERO' */;
/*!40111 SET @OLD_SQL_NOTES=@@SQL_NOTES, SQL_NOTES=0 */;

--
-- Temporary view structure for view `renovadores`
--

DROP TABLE IF EXISTS `renovadores`;
/*!50001 DROP VIEW IF EXISTS `renovadores`*/;
SET @saved_cs_client     = @@character_set_client;
/*!50503 SET character_set_client = utf8mb4 */;
/*!50001 CREATE VIEW `renovadores` AS SELECT 
 1 AS `client_id`,
 1 AS `lead_name`,
 1 AS `employer_id`,
 1 AS `payroll`*/;
SET character_set_client = @saved_cs_client;

--
-- Temporary view structure for view `morosos`
--

DROP TABLE IF EXISTS `morosos`;
/*!50001 DROP VIEW IF EXISTS `morosos`*/;
SET @saved_cs_client     = @@character_set_client;
/*!50503 SET character_set_client = utf8mb4 */;
/*!50001 CREATE VIEW `morosos` AS SELECT 
 1 AS `client_name`,
 1 AS `document_number`,
 1 AS `email`,
 1 AS `loan_id`,
 1 AS `status_name`*/;
SET character_set_client = @saved_cs_client;

--
-- Temporary view structure for view `cambios_por_operador`
--

DROP TABLE IF EXISTS `cambios_por_operador`;
/*!50001 DROP VIEW IF EXISTS `cambios_por_operador`*/;
SET @saved_cs_client     = @@character_set_client;
/*!50503 SET character_set_client = utf8mb4 */;
/*!50001 CREATE VIEW `cambios_por_operador` AS SELECT 
 1 AS `operador`,
 1 AS `cambios`*/;
SET character_set_client = @saved_cs_client;

--
-- Temporary view structure for view `listado_aceptados`
--

DROP TABLE IF EXISTS `listado_aceptados`;
/*!50001 DROP VIEW IF EXISTS `listado_aceptados`*/;
SET @saved_cs_client     = @@character_set_client;
/*!50503 SET character_set_client = utf8mb4 */;
/*!50001 CREATE VIEW `listado_aceptados` AS SELECT 
 1 AS `lead_id`,
 1 AS `lead_name`,
 1 AS `status_name`*/;
SET character_set_client = @saved_cs_client;

--
-- Temporary view structure for view `prestamos_por_cliente`
--

DROP TABLE IF EXISTS `prestamos_por_cliente`;
/*!50001 DROP VIEW IF EXISTS `prestamos_por_cliente`*/;
SET @saved_cs_client     = @@character_set_client;
/*!50503 SET character_set_client = utf8mb4 */;
/*!50001 CREATE VIEW `prestamos_por_cliente` AS SELECT 
 1 AS `client_id`,
 1 AS `nombre`,
 1 AS `cantidad_prestamos`*/;
SET character_set_client = @saved_cs_client;

--
-- Final view structure for view `renovadores`
--

/*!50001 DROP VIEW IF EXISTS `renovadores`*/;
/*!50001 SET @saved_cs_client          = @@character_set_client */;
/*!50001 SET @saved_cs_results         = @@character_set_results */;
/*!50001 SET @saved_col_connection     = @@collation_connection */;
/*!50001 SET character_set_client      = utf8mb4 */;
/*!50001 SET character_set_results     = utf8mb4 */;
/*!50001 SET collation_connection      = utf8mb4_0900_ai_ci */;
/*!50001 CREATE ALGORITHM=UNDEFINED */
/*!50013 DEFINER=`root`@`localhost` SQL SECURITY DEFINER */
/*!50001 VIEW `renovadores` AS select `loan`.`client_id` AS `client_id`,`leads`.`lead_name` AS `lead_name`,`loan`.`employer_id` AS `employer_id`,`leads`.`payroll` AS `payroll` from (`loan` join `leads` on((`loan`.`client_id` = `leads`.`client_id`))) where (`loan`.`loan_status` = '11') group by `loan`.`client_id` */;
/*!50001 SET character_set_client      = @saved_cs_client */;
/*!50001 SET character_set_results     = @saved_cs_results */;
/*!50001 SET collation_connection      = @saved_col_connection */;

--
-- Final view structure for view `morosos`
--

/*!50001 DROP VIEW IF EXISTS `morosos`*/;
/*!50001 SET @saved_cs_client          = @@character_set_client */;
/*!50001 SET @saved_cs_results         = @@character_set_results */;
/*!50001 SET @saved_col_connection     = @@collation_connection */;
/*!50001 SET character_set_client      = utf8mb4 */;
/*!50001 SET character_set_results     = utf8mb4 */;
/*!50001 SET collation_connection      = utf8mb4_0900_ai_ci */;
/*!50001 CREATE ALGORITHM=UNDEFINED */
/*!50013 DEFINER=`root`@`localhost` SQL SECURITY DEFINER */
/*!50001 VIEW `morosos` AS select `clients`.`client_name` AS `client_name`,`clients`.`document_number` AS `document_number`,`clients`.`email` AS `email`,`loan`.`loan_id` AS `loan_id`,`loan_status`.`status_name` AS `status_name` from ((`clients` join `loan` on((`clients`.`client_id` = `loan`.`client_id`))) join `loan_status` on((`loan_status`.`status_id` = `loan`.`loan_status`))) where ((`loan`.`loan_status` = 8) or (`loan`.`loan_status` = 9) or (`loan`.`loan_status` = 10)) group by `loan`.`loan_id` */;
/*!50001 SET character_set_client      = @saved_cs_client */;
/*!50001 SET character_set_results     = @saved_cs_results */;
/*!50001 SET collation_connection      = @saved_col_connection */;

--
-- Final view structure for view `cambios_por_operador`
--

/*!50001 DROP VIEW IF EXISTS `cambios_por_operador`*/;
/*!50001 SET @saved_cs_client          = @@character_set_client */;
/*!50001 SET @saved_cs_results         = @@character_set_results */;
/*!50001 SET @saved_col_connection     = @@collation_connection */;
/*!50001 SET character_set_client      = utf8mb4 */;
/*!50001 SET character_set_results     = utf8mb4 */;
/*!50001 SET collation_connection      = utf8mb4_0900_ai_ci */;
/*!50001 CREATE ALGORITHM=UNDEFINED */
/*!50013 DEFINER=`root`@`localhost` SQL SECURITY DEFINER */
/*!50001 VIEW `cambios_por_operador` AS select `operator`.`email` AS `operador`,count(`loan_status_history`.`operator`) AS `cambios` from (`operator` join `loan_status_history` on((`operator`.`email` = `loan_status_history`.`operator`))) group by `operador` */;
/*!50001 SET character_set_client      = @saved_cs_client */;
/*!50001 SET character_set_results     = @saved_cs_results */;
/*!50001 SET collation_connection      = @saved_col_connection */;

--
-- Final view structure for view `listado_aceptados`
--

/*!50001 DROP VIEW IF EXISTS `listado_aceptados`*/;
/*!50001 SET @saved_cs_client          = @@character_set_client */;
/*!50001 SET @saved_cs_results         = @@character_set_results */;
/*!50001 SET @saved_col_connection     = @@collation_connection */;
/*!50001 SET character_set_client      = utf8mb4 */;
/*!50001 SET character_set_results     = utf8mb4 */;
/*!50001 SET collation_connection      = utf8mb4_0900_ai_ci */;
/*!50001 CREATE ALGORITHM=UNDEFINED */
/*!50013 DEFINER=`root`@`localhost` SQL SECURITY DEFINER */
/*!50001 VIEW `listado_aceptados` AS select `leads`.`lead_id` AS `lead_id`,`leads`.`lead_name` AS `lead_name`,`status_leads`.`status_name` AS `status_name` from (`leads` join `status_leads` on((`leads`.`lead_status` = `status_leads`.`status_id`))) where (`leads`.`lead_status` = 2) */;
/*!50001 SET character_set_client      = @saved_cs_client */;
/*!50001 SET character_set_results     = @saved_cs_results */;
/*!50001 SET collation_connection      = @saved_col_connection */;

--
-- Final view structure for view `prestamos_por_cliente`
--

/*!50001 DROP VIEW IF EXISTS `prestamos_por_cliente`*/;
/*!50001 SET @saved_cs_client          = @@character_set_client */;
/*!50001 SET @saved_cs_results         = @@character_set_results */;
/*!50001 SET @saved_col_connection     = @@collation_connection */;
/*!50001 SET character_set_client      = utf8mb4 */;
/*!50001 SET character_set_results     = utf8mb4 */;
/*!50001 SET collation_connection      = utf8mb4_0900_ai_ci */;
/*!50001 CREATE ALGORITHM=UNDEFINED */
/*!50013 DEFINER=`root`@`localhost` SQL SECURITY DEFINER */
/*!50001 VIEW `prestamos_por_cliente` AS select `leads`.`client_id` AS `client_id`,`leads`.`lead_name` AS `nombre`,count(`leads`.`lead_status`) AS `cantidad_prestamos` from `leads` where (`leads`.`lead_status` = 2) group by `leads`.`client_id` */;
/*!50001 SET character_set_client      = @saved_cs_client */;
/*!50001 SET character_set_results     = @saved_cs_results */;
/*!50001 SET collation_connection      = @saved_col_connection */;
/*!40103 SET TIME_ZONE=@OLD_TIME_ZONE */;

/*!40101 SET SQL_MODE=@OLD_SQL_MODE */;
/*!40014 SET FOREIGN_KEY_CHECKS=@OLD_FOREIGN_KEY_CHECKS */;
/*!40014 SET UNIQUE_CHECKS=@OLD_UNIQUE_CHECKS */;
/*!40101 SET CHARACTER_SET_CLIENT=@OLD_CHARACTER_SET_CLIENT */;
/*!40101 SET CHARACTER_SET_RESULTS=@OLD_CHARACTER_SET_RESULTS */;
/*!40101 SET COLLATION_CONNECTION=@OLD_COLLATION_CONNECTION */;
/*!40111 SET SQL_NOTES=@OLD_SQL_NOTES */;

-- Dump completed on 2022-10-04 15:43:34

-- MySQL dump 10.13  Distrib 8.0.30, for Win64 (x86_64)
--
-- Host: 127.0.0.1    Database: prestapp
-- ------------------------------------------------------
-- Server version	8.0.30

/*!40101 SET @OLD_CHARACTER_SET_CLIENT=@@CHARACTER_SET_CLIENT */;
/*!40101 SET @OLD_CHARACTER_SET_RESULTS=@@CHARACTER_SET_RESULTS */;
/*!40101 SET @OLD_COLLATION_CONNECTION=@@COLLATION_CONNECTION */;
/*!50503 SET NAMES utf8 */;
/*!40103 SET @OLD_TIME_ZONE=@@TIME_ZONE */;
/*!40103 SET TIME_ZONE='+00:00' */;
/*!40014 SET @OLD_UNIQUE_CHECKS=@@UNIQUE_CHECKS, UNIQUE_CHECKS=0 */;
/*!40014 SET @OLD_FOREIGN_KEY_CHECKS=@@FOREIGN_KEY_CHECKS, FOREIGN_KEY_CHECKS=0 */;
/*!40101 SET @OLD_SQL_MODE=@@SQL_MODE, SQL_MODE='NO_AUTO_VALUE_ON_ZERO' */;
/*!40111 SET @OLD_SQL_NOTES=@@SQL_NOTES, SQL_NOTES=0 */;

--
-- Table structure for table `status_leads`
--

DROP TABLE IF EXISTS `status_leads`;
/*!40101 SET @saved_cs_client     = @@character_set_client */;
/*!50503 SET character_set_client = utf8mb4 */;
CREATE TABLE `status_leads` (
  `status_id` int NOT NULL AUTO_INCREMENT,
  `status_name` varchar(20) NOT NULL,
  `status_description` varchar(20) NOT NULL,
  `is_active` tinyint(1) DEFAULT NULL,
  `status_date` date NOT NULL,
  PRIMARY KEY (`status_id`)
) ENGINE=InnoDB AUTO_INCREMENT=6 DEFAULT CHARSET=utf8mb4 COLLATE=utf8mb4_0900_ai_ci;
/*!40101 SET character_set_client = @saved_cs_client */;

--
-- Dumping data for table `status_leads`
--

LOCK TABLES `status_leads` WRITE;
/*!40000 ALTER TABLE `status_leads` DISABLE KEYS */;
INSERT INTO `status_leads` VALUES (1,'CREATED','Debe ser verificado',1,'2022-09-13'),(2,'ACCEPTED','Pasa a pagos',1,'2022-09-13'),(3,'REJECTED','Muere el proceso',1,'2022-09-13'),(4,'PENDING_VALIDATION','Validación extra',1,'2022-09-13'),(5,'UPDATE_NEEDED','Requiere nueva info',1,'2022-09-13');
/*!40000 ALTER TABLE `status_leads` ENABLE KEYS */;
UNLOCK TABLES;
/*!40103 SET TIME_ZONE=@OLD_TIME_ZONE */;

/*!40101 SET SQL_MODE=@OLD_SQL_MODE */;
/*!40014 SET FOREIGN_KEY_CHECKS=@OLD_FOREIGN_KEY_CHECKS */;
/*!40014 SET UNIQUE_CHECKS=@OLD_UNIQUE_CHECKS */;
/*!40101 SET CHARACTER_SET_CLIENT=@OLD_CHARACTER_SET_CLIENT */;
/*!40101 SET CHARACTER_SET_RESULTS=@OLD_CHARACTER_SET_RESULTS */;
/*!40101 SET COLLATION_CONNECTION=@OLD_COLLATION_CONNECTION */;
/*!40111 SET SQL_NOTES=@OLD_SQL_NOTES */;

-- Dump completed on 2022-10-04 15:43:34

/*
-- Query: SELECT * FROM prestapp.status_leads
LIMIT 0, 50000

-- Date: 2022-09-13 14:44
*/
INSERT INTO `` (`status_id`,`status_name`,`status_description`,`is_active`,`status_date`) VALUES (1,'CREATED','Debe ser verificado',1,'2022-09-13');
INSERT INTO `` (`status_id`,`status_name`,`status_description`,`is_active`,`status_date`) VALUES (2,'ACCEPTED','Pasa a pagos',1,'2022-09-13');
INSERT INTO `` (`status_id`,`status_name`,`status_description`,`is_active`,`status_date`) VALUES (3,'REJECTED','Muere el proceso',1,'2022-09-13');
INSERT INTO `` (`status_id`,`status_name`,`status_description`,`is_active`,`status_date`) VALUES (4,'PENDING_VALIDATION','Validación extra',1,'2022-09-13');
INSERT INTO `` (`status_id`,`status_name`,`status_description`,`is_active`,`status_date`) VALUES (5,'UPDATE_NEEDED','Requiere nueva info',1,'2022-09-13');

